UserId, SessionType, dt in ms, HeadOrigin.x, HeadOrigin.y, HeadOrigin.z, HeadDir.x, HeadDir.y, HeadDir.z, EyeOrigin.x, EyeOrigin.y, EyeOrigin.z, EyeDir.x, EyeDir.y, EyeDir.z, EyeHitPos.x, EyeHitPos.y, EyeHitPos.z
tester, Session00, 4.9869, 0, 0, 0, 0, 0, 0, 0, 0, 0, 0.1191524, -0.1369629, 0.983384, 0.238386, -0.2740191, 1.967438
tester, Session00, 8.9761, 0, 0, 0, 0, 0, 0, 0, 0, 0, 0.1191524, -0.1369629, 0.983384, 0.238386, -0.2740191, 1.967438
tester, Session00, 15.957, 0, 0, 0, 0, 0, 0, 0, 0, 0, 0.1191524, -0.1369629, 0.983384, 0.238386, -0.2740191, 1.967438
tester, Session00, 22.94, 0, 0, 0, 0, 0, 0, 0, 0, 0, 0.1191524, -0.1369629, 0.983384, 0.238386, -0.2740191, 1.967438
tester, Session00, 29.9197, 0, 0, 0, 0, 0, 0, 0, 0, 0, 0.1191524, -0.1369629, 0.983384, 0.238386, -0.2740191, 1.967438
tester, Session00, 36.9012, 0, 0, 0, 0, 0, 0, 0, 0, 0, 0.1191524, -0.1369629, 0.983384, 0.238386, -0.2740191, 1.967438
tester, Session00, 42.8852, 0, 0, 0, 0, 0, 0, 0, 0, 0, 0.1191524, -0.1369629, 0.983384, 0.238386, -0.2740191, 1.967438
tester, Session00, 49.8664, 0, 0, 0, 0, 0, 0, 0, 0, 0, 0.1191524, -0.1369629, 0.983384, 0.238386, -0.2740191, 1.967438
tester, Session00, 55.8505, 0, 0, 0, 0, 0, 0, 0, 0, 0, 0.1191524, -0.1369629, 0.983384, 0.238386, -0.2740191, 1.967438
tester, Session00, 61.8346, 0, 0, 0, 0, 0, 0, 0, 0, 0, 0.1191524, -0.1369629, 0.983384, 0.238386, -0.2740191, 1.967438
tester, Session00, 68.816, 0, 0, 0, 0, 0, 0, 0, 0, 0, 0.1191524, -0.1369629, 0.983384, 0.238386, -0.2740191, 1.967438
tester, Session00, 75.797, 0, 0, 0, 0, 0, 0, 0, 0, 0, 0.1191524, -0.1369629, 0.983384, 0.238386, -0.2740191, 1.967438
tester, Session00, 82.7784, 0, 0, 0, 0, 0, 0, 0, 0, 0, 0.1191524, -0.1369629, 0.983384, 0.238386, -0.2740191, 1.967438
tester, Session00, 90.7578, 0, 0, 0, 0, 0, 0, 0, 0, 0, 0.1191524, -0.1369629, 0.983384, 0.238386, -0.2740191, 1.967438
tester, Session00, 97.7384, 0, 0, 0, 0, 0, 0, 0, 0, 0, 0.1191524, -0.1369629, 0.983384, 0.238386, -0.2740191, 1.967438
tester, Session00, 103.7231, 0, 0, 0, 0, 0, 0, 0, 0, 0, 0.1191524, -0.1369629, 0.983384, 0.238386, -0.2740191, 1.967438
tester, Session00, 109.7064, 0, 0, 0, 0, 0, 0, 0, 0, 0, 0.1191524, -0.1369629, 0.983384, 0.238386, -0.2740191, 1.967438
tester, Session00, 119.6799, 0, 0, 0, 0, 0, 0, 0, 0, 0, 0.1191524, -0.1369629, 0.983384, 0.238386, -0.2740191, 1.967438
tester, Session00, 125.6637, 0, 0, 0, 0, 0, 0, 0, 0, 0, 0.1191524, -0.1369629, 0.983384, 0.238386, -0.2740191, 1.967438
tester, Session00, 132.6453, 0, 0, 0, 0, 0, 0, 0, 0, 0, 0.1191524, -0.1369629, 0.983384, 0.238386, -0.2740191, 1.967438
tester, Session00, 138.6291, 0, 0, 0, 0, 0, 0, 0, 0, 0, 0.1191524, -0.1369629, 0.983384, 0.238386, -0.2740191, 1.967438
tester, Session00, 145.6108, 0, 0, 0, 0, 0, 0, 0, 0, 0, 0.1191524, -0.1369629, 0.983384, 0.238386, -0.2740191, 1.967438
tester, Session00, 153.5891, 0, 0, 0, 0, 0, 0, 0, 0, 0, 0.1191524, -0.1369629, 0.983384, 0.238386, -0.2740191, 1.967438
tester, Session00, 157.5787, 0, 0, 0, 0, 0, 0, 0, 0, 0, 0.1191524, -0.1369629, 0.983384, 0.238386, -0.2740191, 1.967438
tester, Session00, 163.5624, 0, 0, 0, 0, 0, 0, 0, 0, 0, 0.1191524, -0.1369629, 0.983384, 0.238386, -0.2740191, 1.967438
tester, Session00, 170.5438, 0, 0, 0, 0, 0, 0, 0, 0, 0, 0.1191524, -0.1369629, 0.983384, 0.238386, -0.2740191, 1.967438
tester, Session00, 176.5279, 0, 0, 0, 0, 0, 0, 0, 0, 0, 0.1191524, -0.1369629, 0.983384, 0.238386, -0.2740191, 1.967438
tester, Session00, 186.5016, 0, 0, 0, 0, 0, 0, 0, 0, 0, 0.1191524, -0.1369629, 0.983384, 0.238386, -0.2740191, 1.967438
tester, Session00, 192.4851, 0, 0, 0, 0, 0, 0, 0, 0, 0, 0.1191524, -0.1369629, 0.983384, 0.238386, -0.2740191, 1.967438
tester, Session00, 198.4693, 0, 0, 0, 0, 0, 0, 0, 0, 0, 0.1191524, -0.1369629, 0.983384, 0.238386, -0.2740191, 1.967438
tester, Session00, 204.9567, 0, 0, 0, 0, 0, 0, 0, 0, 0, 0.1191524, -0.1369629, 0.983384, 0.238386, -0.2740191, 1.967438
tester, Session00, 211.9383, 0, 0, 0, 0, 0, 0, 0, 0, 0, 0.1191524, -0.1369629, 0.983384, 0.238386, -0.2740191, 1.967438
tester, Session00, 221.9121, 0, 0, 0, 0, 0, 0, 0, 0, 0, 0.1191524, -0.1369629, 0.983384, 0.238386, -0.2740191, 1.967438
tester, Session00, 227.8953, 0, 0, 0, 0, 0, 0, 0, 0, 0, 0.1191524, -0.1369629, 0.983384, 0.238386, -0.2740191, 1.967438
tester, Session00, 233.8794, 0, 0, 0, 0, 0, 0, 0, 0, 0, 0.1191524, -0.1369629, 0.983384, 0.238386, -0.2740191, 1.967438
tester, Session00, 239.8634, 0, 0, 0, 0, 0, 0, 0, 0, 0, 0.1191524, -0.1369629, 0.983384, 0.238386, -0.2740191, 1.967438
tester, Session00, 246.8449, 0, 0, 0, 0, 0, 0, 0, 0, 0, 0.1191524, -0.1369629, 0.983384, 0.238386, -0.2740191, 1.967438
tester, Session00, 251.8315, 0, 0, 0, 0, 0, 0, 0, 0, 0, 0.1191524, -0.1369629, 0.983384, 0.238386, -0.2740191, 1.967438
tester, Session00, 257.8153, 0, 0, 0, 0, 0, 0, 0, 0, 0, 0.1191524, -0.1369629, 0.983384, 0.238386, -0.2740191, 1.967438
tester, Session00, 263.7994, 0, 0, 0, 0, 0, 0, 0, 0, 0, 0.1191524, -0.1369629, 0.983384, 0.238386, -0.2740191, 1.967438
tester, Session00, 270.7807, 0, 0, 0, 0, 0, 0, 0, 0, 0, 0.1191524, -0.1369629, 0.983384, 0.238386, -0.2740191, 1.967438
tester, Session00, 275.7676, 0, 0, 0, 0, 0, 0, 0, 0, 0, 0.1191524, -0.1369629, 0.983384, 0.238386, -0.2740191, 1.967438
tester, Session00, 285.7411, 0, 0, 0, 0, 0, 0, 0, 0, 0, 0.1191524, -0.1369629, 0.983384, 0.238386, -0.2740191, 1.967438
tester, Session00, 291.7248, 0, 0, 0, 0, 0, 0, 0, 0, 0, 0.1191524, -0.1369629, 0.983384, 0.238386, -0.2740191, 1.967438
tester, Session00, 298.7062, 0, 0, 0, 0, 0, 0, 0, 0, 0, 0.1191524, -0.1369629, 0.983384, 0.238386, -0.2740191, 1.967438
tester, Session00, 306.6849, 0, 0, 0, 0, 0, 0, 0, 0, 0, 0.1191524, -0.1369629, 0.983384, 0.238386, -0.2740191, 1.967438
tester, Session00, 312.6688, 0, 0, 0, 0, 0, 0, 0, 0, 0, 0.1191524, -0.1369629, 0.983384, 0.238386, -0.2740191, 1.967438
tester, Session00, 318.6529, 0, 0, 0, 0, 0, 0, 0, 0, 0, 0.1191524, -0.1369629, 0.983384, 0.238386, -0.2740191, 1.967438
tester, Session00, 326.6321, 0, 0, 0, 0, 0, 0, 0, 0, 0, 0.1191524, -0.1369629, 0.983384, 0.238386, -0.2740191, 1.967438
tester, Session00, 332.6153, 0, 0, 0, 0, 0, 0, 0, 0, 0, 0.1191524, -0.1369629, 0.983384, 0.238386, -0.2740191, 1.967438
tester, Session00, 337.6022, 0, 0, 0, 0, 0, 0, 0, 0, 0, 0.1191524, -0.1369629, 0.983384, 0.238386, -0.2740191, 1.967438
tester, Session00, 343.5862, 0, 0, 0, 0, 0, 0, 0, 0, 0, 0.1191524, -0.1369629, 0.983384, 0.238386, -0.2740191, 1.967438
tester, Session00, 352.562, 0, 0, 0, 0, 0, 0, 0, 0, 0, 0.1191524, -0.1369629, 0.983384, 0.238386, -0.2740191, 1.967438
tester, Session00, 358.546, 0, 0, 0, 0, 0, 0, 0, 0, 0, 0.1191524, -0.1369629, 0.983384, 0.238386, -0.2740191, 1.967438
tester, Session00, 364.5301, 0, 0, 0, 0, 0, 0, 0, 0, 0, 0.1191524, -0.1369629, 0.983384, 0.238386, -0.2740191, 1.967438
tester, Session00, 371.5115, 0, 0, 0, 0, 0, 0, 0, 0, 0, 0.1191524, -0.1369629, 0.983384, 0.238386, -0.2740191, 1.967438
tester, Session00, 377.4954, 0, 0, 0, 0, 0, 0, 0, 0, 0, 0.1191524, -0.1369629, 0.983384, 0.238386, -0.2740191, 1.967438
tester, Session00, 383.4811, 0, 0, 0, 0, 0, 0, 0, 0, 0, 0.1191524, -0.1369629, 0.983384, 0.238386, -0.2740191, 1.967438
tester, Session00, 389.4633, 0, 0, 0, 0, 0, 0, 0, 0, 0, 0.1191524, -0.1369629, 0.983384, 0.238386, -0.2740191, 1.967438
tester, Session00, 396.4448, 0, 0, 0, 0, 0, 0, 0, 0, 0, 0.1191524, -0.1369629, 0.983384, 0.238386, -0.2740191, 1.967438
tester, Session00, 400.4341, 0, 0, 0, 0, 0, 0, 0, 0, 0, 0.1191524, -0.1369629, 0.983384, 0.238386, -0.2740191, 1.967438
tester, Session00, 407.4153, 0, 0, 0, 0, 0, 0, 0, 0, 0, 0.1191524, -0.1369629, 0.983384, 0.238386, -0.2740191, 1.967438
tester, Session00, 416.3914, 0, 0, 0, 0, 0, 0, 0, 0, 0, 0.1191524, -0.1369629, 0.983384, 0.238386, -0.2740191, 1.967438
tester, Session00, 423.3727, 0, 0, 0, 0, 0, 0, 0, 0, 0, 0.1191524, -0.1369629, 0.983384, 0.238386, -0.2740191, 1.967438
tester, Session00, 430.3542, 0, 0, 0, 0, 0, 0, 0, 0, 0, 0.1191524, -0.1369629, 0.983384, 0.238386, -0.2740191, 1.967438
tester, Session00, 438.3329, 0, 0, 0, 0, 0, 0, 0, 0, 0, 0.1185185, -0.1369629, 0.9834605, 0.2370992, -0.2739978, 1.967438
tester, Session00, 442.3223, 0, 0, 0, 0, 0, 0, 0, 0, 0, 0.1178845, -0.1369629, 0.9835367, 0.2358126, -0.2739765, 1.967438
tester, Session00, 449.3035, 0, 0, 0, 0, 0, 0, 0, 0, 0, 0.1153739, -0.1363243, 0.9839231, 0.2306999, -0.272592, 1.967438
tester, Session00, 455.2877, 0, 0, 0, 0, 0, 0, 0, 0, 0, 0.1147497, -0.1356856, 0.9840843, 0.2294143, -0.2712705, 1.967438
tester, Session00, 465.2613, 0, 0, 0, 0, 0, 0, 0, 0, 0, 0.1091698, -0.1331462, 0.9850656, 0.2180411, -0.2659284, 1.967438
tester, Session00, 471.245, 0, 0, 0, 0, 0, 0, 0, 0, 0, 0.1066814, -0.1306059, 0.985678, 0.2129387, -0.2606927, 1.967438
tester, Session00, 476.2317, 0, 0, 0, 0, 0, 0, 0, 0, 0, 0.1010631, -0.1299668, 0.9863544, 0.2015861, -0.2592391, 1.967438
tester, Session00, 480.2209, 0, 0, 0, 0, 0, 0, 0, 0, 0, 0.0954642, -0.1274254, 0.9872433, 0.1902468, -0.2539411, 1.967438
tester, Session00, 485.2082, 0, 0, 0, 0, 0, 0, 0, 0, 0, 0.09294158, -0.126786, 0.9875663, 0.1874463, -0.2557043, 1.991742
tester, Session00, 490.1948, 0, 0, 0, 0, 0, 0, 0, 0, 0, 0.08733249, -0.1242436, 0.9884011, 0.1790049, -0.2546614, 2.02592
tester, Session00, 494.1836, 0, 0, 0, 0, 0, 0, 0, 0, 0, 0.08171634, -0.1217004, 0.9891974, 0.1673587, -0.2492478, 2.02592
tester, Session00, 499.1702, 0, 0, 0, 0, 0, 0, 0, 0, 0, 0.08108507, -0.1210605, 0.9893278, 0.1660439, -0.2479046, 2.02592
tester, Session00, 504.1567, 0, 0, 0, 0, 0, 0, 0, 0, 0, 0.07121006, -0.1185163, 0.9903954, NaN, NaN, NaN
tester, Session00, 508.1463, 0, 0, 0, 0, 0, 0, 0, 0, 0, 0.06557669, -0.1159713, 0.9910854, NaN, NaN, NaN
tester, Session00, 513.133, 0, 0, 0, 0, 0, 0, 0, 0, 0, 0.06494267, -0.115331, 0.9912019, NaN, NaN, NaN
tester, Session00, 517.1222, 0, 0, 0, 0, 0, 0, 0, 0, 0, 0.05930241, -0.1127851, 0.9918482, NaN, NaN, NaN
tester, Session00, 522.1112, 0, 0, 0, 0, 0, 0, 0, 0, 0, 0.05676458, -0.1121445, 0.9920692, NaN, NaN, NaN
tester, Session00, 528.0929, 0, 0, 0, 0, 0, 0, 0, 0, 0, 0.05111667, -0.1095977, 0.9926608, NaN, NaN, NaN
tester, Session00, 532.0825, 0, 0, 0, 0, 0, 0, 0, 0, 0, 0.04546356, -0.1070501, 0.9932137, NaN, NaN, NaN
tester, Session00, 536.0716, 0, 0, 0, 0, 0, 0, 0, 0, 0, 0.04292984, -0.1045018, 0.9935977, NaN, NaN, NaN
tester, Session00, 543.0539, 0, 0, 0, 0, 0, 0, 0, 0, 0, 0.04038615, -0.1038606, 0.9937716, NaN, NaN, NaN
tester, Session00, 547.0424, 0, 0, 0, 0, 0, 0, 0, 0, 0, 0.03472336, -0.1013115, 0.9942486, NaN, NaN, NaN
tester, Session00, 552.029, 0, 0, 0, 0, 0, 0, 0, 0, 0, 0.03409122, -0.09876169, 0.994527, NaN, NaN, NaN
tester, Session00, 557.0158, 0, 0, 0, 0, 0, 0, 0, 0, 0, 0.03155038, -0.09621122, 0.9948608, NaN, NaN, NaN
tester, Session00, 561.0051, 0, 0, 0, 0, 0, 0, 0, 0, 0, 0.02900258, -0.09556956, 0.9950002, NaN, NaN, NaN
tester, Session00, 566.9896, 0, 0, 0, 0, 0, 0, 0, 0, 0, 0.02645426, -0.09492786, 0.9951326, NaN, NaN, NaN
tester, Session00, 570.9783, 0, 0, 0, 0, 0, 0, 0, 0, 0, 0.02581898, -0.09237646, 0.9953893, NaN, NaN, NaN
tester, Session00, 574.9676, 0, 0, 0, 0, 0, 0, 0, 0, 0, 0.02327349, -0.08982442, 0.9956857, NaN, NaN, NaN
tester, Session00, 579.9546, 0, 0, 0, 0, 0, 0, 0, 0, 0, 0.02263295, -0.08918238, 0.9957582, NaN, NaN, NaN
tester, Session00, 583.9437, 0, 0, 0, 0, 0, 0, 0, 0, 0, 0.02008562, -0.08662964, 0.9960381, 0.04073433, -0.1756879, 2.02
tester, Session00, 590.925, 0, 0, 0, 0, 0, 0, 0, 0, 0, 0.01754144, -0.08094282, 0.9965644, 0.03555587, -0.1640682, 2.02
tester, Session00, 594.9378, 0, 0, 0, 0, 0, 0, 0, 0, 0, 0.0149883, -0.08030029, 0.996658, 0.03037789, -0.1627505, 2.02
tester, Session00, 599.901, 0, 0, 0, 0, 0, 0, 0, 0, 0, 0.01243667, -0.07774564, 0.9968957, 0.02520031, -0.1575352, 2.02
tester, Session00, 606.8824, 0, 0, 0, 0, 0, 0, 0, 0, 0, 0.009883858, -0.07519047, 0.9971202, 0.02002306, -0.1523234, 2.02
tester, Session00, 612.8664, 0, 0, 0, 0, 0, 0, 0, 0, 0, 0.007329927, -0.07263482, 0.9973317, 0.01484607, -0.1471149, 2.02
tester, Session00, 616.8556, 0, 0, 0, 0, 0, 0, 0, 0, 0, 0.004774945, -0.07007866, 0.9975301, 0.009571469, -0.140474, 1.999568
tester, Session00, 621.8423, 0, 0, 0, 0, 0, 0, 0, 0, 0, 0.004132088, -0.0694356, 0.9975778, 0.008282452, -0.1391783, 1.999568
tester, Session00, 626.829, 0, 0, 0, 0, 0, 0, 0, 0, 0, 0.003489168, -0.0687925, 0.9976249, 0.006993438, -0.1378828, 1.999568
tester, Session00, 630.8183, 0, 0, 0, 0, 0, 0, 0, 0, 0, 0.002846189, -0.06814939, 0.997671, 0.005704433, -0.1365874, 1.999568
tester, Session00, 638.7971, 0, 0, 0, 0, 0, 0, 0, 0, 0, 0.000289526, -0.06559245, 0.9978465, 0.0005801764, -0.1314396, 1.999568
tester, Session00, 646.7762, 0, 0, 0, 0, 0, 0, 0, 0, 0, -0.002268002, -0.06303509, 0.9980087, -0.004544073, -0.1262944, 1.999568
tester, Session00, 657.7462, 0, 0, 0, 0, 0, 0, 0, 0, 0, -0.004826327, -0.06047729, 0.9981579, -0.009668379, -0.1211516, 1.999568
tester, Session00, 668.7184, 0, 0, 0, 0, 0, 0, 0, 0, 0, -0.005469987, -0.05983383, 0.9981934, -0.01095741, -0.1198584, 1.999568
tester, Session00, 679.6879, 0, 0, 0, 0, 0, 0, 0, 0, 0, -0.006114375, -0.05727554, 0.9983397, -0.01224644, -0.1147168, 1.999568
tester, Session00, 691.6561, 0, 0, 0, 0, 0, 0, 0, 0, 0, -0.006757941, -0.05727556, 0.9983355, -0.01353549, -0.1147173, 1.999568
tester, Session00, 703.624, 0, 0, 0, 0, 0, 0, 0, 0, 0, -0.007401773, -0.05663196, 0.9983677, -0.01482455, -0.1134246, 1.999568
tester, Session00, 716.0963, 0, 0, 0, 0, 0, 0, 0, 0, 0, -0.007402042, -0.05598836, 0.998404, -0.01482455, -0.1121315, 1.999568
tester, Session00, 728.0641, 0, 0, 0, 0, 0, 0, 0, 0, 0, -0.008045648, -0.05598837, 0.998399, -0.01611362, -0.1121321, 1.999568
tester, Session00, 740.0322, 0, 0, 0, 0, 0, 0, 0, 0, 0, -0.008046777, -0.05342954, 0.9985391, -0.01611362, -0.1069923, 1.999568
tester, Session00, 752.9977, 0, 0, 0, 0, 0, 0, 0, 0, 0, -0.008690472, -0.05342955, 0.9985338, -0.0174027, -0.1069929, 1.999568
tester, Session00, 767.9577, 0, 0, 0, 0, 0, 0, 0, 0, 0, -0.008690769, -0.05278581, 0.9985681, -0.0174027, -0.1057002, 1.999568
tester, Session00, 781.9209, 0, 0, 0, 0, 0, 0, 0, 0, 0, -0.01125012, -0.05214208, 0.9985763, -0.02252746, -0.1044103, 1.999568
tester, Session00, 795.8834, 0, 0, 0, 0, 0, 0, 0, 0, 0, -0.01125159, -0.04958272, 0.9987066, -0.02252746, -0.09927241, 1.999568
tester, Session00, 814.3395, 0, 0, 0, 0, 0, 0, 0, 0, 0, -0.01381262, -0.04702304, 0.9987983, -0.0276525, -0.09413888, 1.999568
tester, Session00, 830.2962, 0, 0, 0, 0, 0, 0, 0, 0, 0, -0.01637906, -0.03703207, 0.9991798, -0.03277792, -0.07410892, 1.999568
tester, Session00, 844.2592, 0, 0, 0, 0, 0, 0, 0, 0, 0, -0.01894327, -0.03132853, 0.9993297, -0.03790376, -0.06268556, 1.999568
tester, Session00, 857.2245, 0, 0, 0, 0, 0, 0, 0, 0, 0, -0.02150582, -0.02876702, 0.9993547, -0.04303011, -0.05755874, 1.999568
tester, Session00, 872.1843, 0, 0, 0, 0, 0, 0, 0, 0, 0, -0.02215159, -0.02620531, 0.9994111, -0.04431971, -0.05243017, 1.999568
tester, Session00, 886.1471, 0, 0, 0, 0, 0, 0, 0, 0, 0, -0.02279622, -0.02556089, 0.9994133, -0.04560936, -0.05114074, 1.999568
tester, Session00, 901.1073, 0, 0, 0, 0, 0, 0, 0, 0, 0, -0.02279622, -0.02556089, 0.9994133, -0.04560936, -0.05114074, 1.999568
tester, Session00, 915.5744, 0, 0, 0, 0, 0, 0, 0, 0, 0, -0.02279622, -0.02556089, 0.9994133, -0.04560936, -0.05114074, 1.999568
tester, Session00, 929.5377, 0, 0, 0, 0, 0, 0, 0, 0, 0, -0.02279622, -0.02556089, 0.9994133, -0.04560936, -0.05114074, 1.999568
tester, Session00, 943.4997, 0, 0, 0, 0, 0, 0, 0, 0, 0, -0.02279622, -0.02556089, 0.9994133, -0.04560936, -0.05114074, 1.999568
tester, Session00, 957.4621, 0, 0, 0, 0, 0, 0, 0, 0, 0, -0.02279622, -0.02556089, 0.9994133, -0.04560936, -0.05114074, 1.999568
tester, Session00, 972.423, 0, 0, 0, 0, 0, 0, 0, 0, 0, -0.02279622, -0.02556089, 0.9994133, -0.04560936, -0.05114074, 1.999568
tester, Session00, 986.385, 0, 0, 0, 0, 0, 0, 0, 0, 0, -0.02279622, -0.02556089, 0.9994133, -0.04560936, -0.05114074, 1.999568
tester, Session00, 1001.3459, 0, 0, 0, 0, 0, 0, 0, 0, 0, -0.02279622, -0.02556089, 0.9994133, -0.04560936, -0.05114074, 1.999568
tester, Session00, 1015.8118, 0, 0, 0, 0, 0, 0, 0, 0, 0, -0.02279622, -0.02556089, 0.9994133, -0.04560936, -0.05114074, 1.999568
tester, Session00, 1030.7722, 0, 0, 0, 0, 0, 0, 0, 0, 0, -0.02279622, -0.02556089, 0.9994133, -0.04560936, -0.05114074, 1.999568
tester, Session00, 1044.7345, 0, 0, 0, 0, 0, 0, 0, 0, 0, -0.02279622, -0.02556089, 0.9994133, -0.04560936, -0.05114074, 1.999568
tester, Session00, 1058.699, 0, 0, 0, 0, 0, 0, 0, 0, 0, -0.02279622, -0.02556089, 0.9994133, -0.04560936, -0.05114074, 1.999568
tester, Session00, 1075.6518, 0, 0, 0, 0, 0, 0, 0, 0, 0, -0.02279622, -0.02556089, 0.9994133, -0.04560936, -0.05114074, 1.999568
tester, Session00, 1090.612, 0, 0, 0, 0, 0, 0, 0, 0, 0, -0.02279622, -0.02556089, 0.9994133, -0.04560936, -0.05114074, 1.999568
tester, Session00, 1105.5725, 0, 0, 0, 0, 0, 0, 0, 0, 0, -0.02279622, -0.02556089, 0.9994133, -0.04560936, -0.05114074, 1.999568
tester, Session00, 1120.0409, 0, 0, 0, 0, 0, 0, 0, 0, 0, -0.02279622, -0.02556089, 0.9994133, -0.04560936, -0.05114074, 1.999568
tester, Session00, 1134.0038, 0, 0, 0, 0, 0, 0, 0, 0, 0, -0.02279622, -0.02556089, 0.9994133, -0.04560936, -0.05114074, 1.999568
tester, Session00, 1147.9659, 0, 0, 0, 0, 0, 0, 0, 0, 0, -0.02279622, -0.02556089, 0.9994133, -0.04560936, -0.05114074, 1.999568
tester, Session00, 1162.9263, 0, 0, 0, 0, 0, 0, 0, 0, 0, -0.02279622, -0.02556089, 0.9994133, -0.04560936, -0.05114074, 1.999568
tester, Session00, 1176.8889, 0, 0, 0, 0, 0, 0, 0, 0, 0, -0.02279622, -0.02556089, 0.9994133, -0.04560936, -0.05114074, 1.999568
tester, Session00, 1190.8525, 0, 0, 0, 0, 0, 0, 0, 0, 0, -0.02279622, -0.02556089, 0.9994133, -0.04560936, -0.05114074, 1.999568
tester, Session00, 1205.8116, 0, 0, 0, 0, 0, 0, 0, 0, 0, -0.02279622, -0.02556089, 0.9994133, -0.04560936, -0.05114074, 1.999568
tester, Session00, 1219.7746, 0, 0, 0, 0, 0, 0, 0, 0, 0, -0.02279622, -0.02556089, 0.9994133, -0.04560936, -0.05114074, 1.999568
tester, Session00, 1234.7339, 0, 0, 0, 0, 0, 0, 0, 0, 0, -0.02279622, -0.02556089, 0.9994133, -0.04560936, -0.05114074, 1.999568
tester, Session00, 1248.6968, 0, 0, 0, 0, 0, 0, 0, 0, 0, -0.02279622, -0.02556089, 0.9994133, -0.04560936, -0.05114074, 1.999568
tester, Session00, 1262.6596, 0, 0, 0, 0, 0, 0, 0, 0, 0, -0.02279622, -0.02556089, 0.9994133, -0.04560936, -0.05114074, 1.999568
tester, Session00, 1278.6166, 0, 0, 0, 0, 0, 0, 0, 0, 0, -0.02279622, -0.02556089, 0.9994133, -0.04560936, -0.05114074, 1.999568
tester, Session00, 1292.581, 0, 0, 0, 0, 0, 0, 0, 0, 0, -0.02279622, -0.02556089, 0.9994133, -0.04560936, -0.05114074, 1.999568
tester, Session00, 1308.5368, 0, 0, 0, 0, 0, 0, 0, 0, 0, -0.02279622, -0.02556089, 0.9994133, -0.04560936, -0.05114074, 1.999568
tester, Session00, 1323.4968, 0, 0, 0, 0, 0, 0, 0, 0, 0, -0.02279622, -0.02556089, 0.9994133, -0.04560936, -0.05114074, 1.999568
tester, Session00, 1339.4544, 0, 0, 0, 0, 0, 0, 0, 0, 0, -0.02279622, -0.02556089, 0.9994133, -0.04560936, -0.05114074, 1.999568
tester, Session00, 1353.4169, 0, 0, 0, 0, 0, 0, 0, 0, 0, -0.02279622, -0.02556089, 0.9994133, -0.04560936, -0.05114074, 1.999568
tester, Session00, 1368.3768, 0, 0, 0, 0, 0, 0, 0, 0, 0, -0.02279622, -0.02556089, 0.9994133, -0.04560936, -0.05114074, 1.999568
tester, Session00, 1383.3385, 0, 0, 0, 0, 0, 0, 0, 0, 0, -0.02279622, -0.02556089, 0.9994133, -0.04560936, -0.05114074, 1.999568
tester, Session00, 1399.294, 0, 0, 0, 0, 0, 0, 0, 0, 0, -0.02279622, -0.02556089, 0.9994133, -0.04560936, -0.05114074, 1.999568
tester, Session00, 1413.2569, 0, 0, 0, 0, 0, 0, 0, 0, 0, -0.02279622, -0.02556089, 0.9994133, -0.04560936, -0.05114074, 1.999568
tester, Session00, 1430.212, 0, 0, 0, 0, 0, 0, 0, 0, 0, -0.02279622, -0.02556089, 0.9994133, -0.04560936, -0.05114074, 1.999568
tester, Session00, 1445.1718, 0, 0, 0, 0, 0, 0, 0, 0, 0, -0.02279622, -0.02556089, 0.9994133, -0.04560936, -0.05114074, 1.999568
tester, Session00, 1460.1313, 0, 0, 0, 0, 0, 0, 0, 0, 0, -0.02279622, -0.02556089, 0.9994133, -0.04560936, -0.05114074, 1.999568
tester, Session00, 1475.092, 0, 0, 0, 0, 0, 0, 0, 0, 0, -0.02279622, -0.02556089, 0.9994133, -0.04560936, -0.05114074, 1.999568
tester, Session00, 1489.0541, 0, 0, 0, 0, 0, 0, 0, 0, 0, -0.02279622, -0.02556089, 0.9994133, -0.04560936, -0.05114074, 1.999568
tester, Session00, 1504.0145, 0, 0, 0, 0, 0, 0, 0, 0, 0, -0.02279622, -0.02556089, 0.9994133, -0.04560936, -0.05114074, 1.999568
tester, Session00, 1518.9743, 0, 0, 0, 0, 0, 0, 0, 0, 0, -0.02279622, -0.02556089, 0.9994133, -0.04560936, -0.05114074, 1.999568
tester, Session00, 1532.9372, 0, 0, 0, 0, 0, 0, 0, 0, 0, -0.02279622, -0.02556089, 0.9994133, -0.04560936, -0.05114074, 1.999568
tester, Session00, 1547.8978, 0, 0, 0, 0, 0, 0, 0, 0, 0, -0.02279622, -0.02556089, 0.9994133, -0.04560936, -0.05114074, 1.999568
tester, Session00, 1562.857, 0, 0, 0, 0, 0, 0, 0, 0, 0, -0.02279622, -0.02556089, 0.9994133, -0.04560936, -0.05114074, 1.999568
tester, Session00, 1576.8194, 0, 0, 0, 0, 0, 0, 0, 0, 0, -0.02279622, -0.02556089, 0.9994133, -0.04560936, -0.05114074, 1.999568
tester, Session00, 1591.7797, 0, 0, 0, 0, 0, 0, 0, 0, 0, -0.02279622, -0.02556089, 0.9994133, -0.04560936, -0.05114074, 1.999568
tester, Session00, 1605.7421, 0, 0, 0, 0, 0, 0, 0, 0, 0, -0.02279622, -0.02556089, 0.9994133, -0.04560936, -0.05114074, 1.999568
tester, Session00, 1620.7021, 0, 0, 0, 0, 0, 0, 0, 0, 0, -0.02279622, -0.02556089, 0.9994133, -0.04560936, -0.05114074, 1.999568
tester, Session00, 1636.6594, 0, 0, 0, 0, 0, 0, 0, 0, 0, -0.02279622, -0.02556089, 0.9994133, -0.04560936, -0.05114074, 1.999568
tester, Session00, 1652.6167, 0, 0, 0, 0, 0, 0, 0, 0, 0, -0.02279622, -0.02556089, 0.9994133, -0.04560936, -0.05114074, 1.999568
tester, Session00, 1668.5745, 0, 0, 0, 0, 0, 0, 0, 0, 0, -0.02279622, -0.02556089, 0.9994133, -0.04560936, -0.05114074, 1.999568
tester, Session00, 1682.5369, 0, 0, 0, 0, 0, 0, 0, 0, 0, -0.02279622, -0.02556089, 0.9994133, -0.04560936, -0.05114074, 1.999568
tester, Session00, 1696.4994, 0, 0, 0, 0, 0, 0, 0, 0, 0, -0.02279622, -0.02556089, 0.9994133, -0.04560936, -0.05114074, 1.999568
tester, Session00, 1714.4512, 0, 0, 0, 0, 0, 0, 0, 0, 0, -0.02279622, -0.02556089, 0.9994133, -0.04560936, -0.05114074, 1.999568
tester, Session00, 1729.4119, 0, 0, 0, 0, 0, 0, 0, 0, 0, -0.02344048, -0.02556089, 0.9993984, -0.04689904, -0.0511415, 1.999568
tester, Session00, 1748.3608, 0, 0, 0, 0, 0, 0, 0, 0, 0, -0.02408472, -0.02556089, 0.9993831, -0.04818876, -0.05114229, 1.999568
tester, Session00, 1762.3241, 0, 0, 0, 0, 0, 0, 0, 0, 0, -0.02408472, -0.02556089, 0.9993831, -0.04818876, -0.05114229, 1.999568
tester, Session00, 1779.2813, 0, 0, 0, 0, 0, 0, 0, 0, 0, -0.02664573, -0.02556089, 0.9993181, -0.05331631, -0.05114562, 1.999568
tester, Session00, 1793.2407, 0, 0, 0, 0, 0, 0, 0, 0, 0, -0.02664573, -0.02556089, 0.9993181, -0.05331631, -0.05114562, 1.999568
tester, Session00, 1809.1978, 0, 0, 0, 0, 0, 0, 0, 0, 0, -0.02728946, -0.02620531, 0.999284, -0.05460623, -0.05243683, 1.999568
tester, Session00, 1825.1555, 0, 0, 0, 0, 0, 0, 0, 0, 0, -0.0298497, -0.02684971, 0.9991938, -0.05973466, -0.05373115, 1.999568
tester, Session00, 1843.1073, 0, 0, 0, 0, 0, 0, 0, 0, 0, -0.03241021, -0.02684971, 0.9991139, -0.0648639, -0.05373544, 1.999568
tester, Session00, 1860.0619, 0, 0, 0, 0, 0, 0, 0, 0, 0, -0.03305369, -0.02749411, 0.9990753, -0.06615427, -0.05502723, 1.999568
tester, Session00, 1876.0193, 0, 0, 0, 0, 0, 0, 0, 0, 0, -0.03561389, -0.02749411, 0.9989874, -0.07128457, -0.05503207, 1.999568
tester, Session00, 1891.9763, 0, 0, 0, 0, 0, 0, 0, 0, 0, -0.03625786, -0.02749411, 0.9989642, -0.07257523, -0.05503334, 1.999568
tester, Session00, 1907.9337, 0, 0, 0, 0, 0, 0, 0, 0, 0, -0.03690116, -0.02813849, 0.9989227, -0.07386595, -0.05632551, 1.999568
tester, Session00, 1922.894, 0, 0, 0, 0, 0, 0, 0, 0, 0, -0.03754509, -0.02813848, 0.9988987, -0.07515673, -0.05632684, 1.999568
tester, Session00, 1938.8512, 0, 0, 0, 0, 0, 0, 0, 0, 0, -0.04010482, -0.02813848, 0.9987992, -0.08028872, -0.05633246, 1.999568
tester, Session00, 1954.8085, 0, 0, 0, 0, 0, 0, 0, 0, 0, -0.04074867, -0.02813848, 0.9987731, -0.08157982, -0.05633391, 1.999568
tester, Session00, 1970.7662, 0, 0, 0, 0, 0, 0, 0, 0, 0, -0.04139175, -0.02878285, 0.9987284, -0.082871, -0.05762656, 1.999568
tester, Session00, 1987.7205, 0, 0, 0, 0, 0, 0, 0, 0, 0, -0.04395103, -0.02878286, 0.998619, -0.0880046, -0.05763287, 1.999568
tester, Session00, 2003.6781, 0, 0, 0, 0, 0, 0, 0, 0, 0, -0.04459476, -0.02878285, 0.9985905, -0.08929613, -0.05763452, 1.999568
tester, Session00, 2019.635, 0, 0, 0, 0, 0, 0, 0, 0, 0, -0.04523848, -0.02878285, 0.9985615, -0.09058773, -0.05763618, 1.999568
tester, Session00, 2035.5932, 0, 0, 0, 0, 0, 0, 0, 0, 0, -0.05093639, -0.02878285, 0.9982871, -0.1020255, -0.05765202, 1.999568
tester, Session00, 2052.5487, 0, 0, 0, 0, 0, 0, 0, 0, 0, -0.05157895, -0.02942722, 0.9982353, -0.1033179, -0.05894574, 1.999568
tester, Session00, 2069.5019, 0, 0, 0, 0, 0, 0, 0, 0, 0, -0.05727488, -0.02942721, 0.9979247, -0.1147632, -0.05896407, 1.999568
tester, Session00, 2086.4568, 0, 0, 0, 0, 0, 0, 0, 0, 0, -0.05983205, -0.02942722, 0.9977746, -0.1199051, -0.05897295, 1.999568
tester, Session00, 2102.4142, 0, 0, 0, 0, 0, 0, 0, 0, 0, -0.06238883, -0.02942721, 0.997618, -0.1250486, -0.05898219, 1.999568
tester, Session00, 2121.3641, 0, 0, 0, 0, 0, 0, 0, 0, 0, -0.06303191, -0.0294272, 0.9975775, -0.1263426, -0.05898456, 1.999568
tester, Session00, 2137.3207, 0, 0, 0, 0, 0, 0, 0, 0, 0, -0.06367498, -0.0294272, 0.9975368, -0.1276368, -0.05898698, 1.999568
tester, Session00, 2155.2727, 0, 0, 0, 0, 0, 0, 0, 0, 0, -0.06623112, -0.02942719, 0.9973702, -0.1327828, -0.05899682, 1.999568
tester, Session00, 2172.2273, 0, 0, 0, 0, 0, 0, 0, 0, 0, -0.06687405, -0.0294272, 0.9973274, -0.1340775, -0.05899936, 1.999568
tester, Session00, 2188.1846, 0, 0, 0, 0, 0, 0, 0, 0, 0, -0.06751695, -0.0294272, 0.9972841, -0.1353724, -0.05900193, 1.999568
tester, Session00, 2203.1449, 0, 0, 0, 0, 0, 0, 0, 0, 0, -0.07007244, -0.0294272, 0.9971078, -0.140521, -0.05901236, 1.999568
tester, Session00, 2219.102, 0, 0, 0, 0, 0, 0, 0, 0, 0, -0.0707152, -0.0294272, 0.9970624, -0.1418165, -0.05901505, 1.999568
tester, Session00, 2234.0621, 0, 0, 0, 0, 0, 0, 0, 0, 0, -0.07135792, -0.0294272, 0.9970166, -0.143112, -0.05901776, 1.999568
tester, Session00, 2251.0167, 0, 0, 0, 0, 0, 0, 0, 0, 0, -0.0739113, -0.03007155, 0.9968113, -0.1482634, -0.06032245, 1.999568
tester, Session00, 2266.9741, 0, 0, 0, 0, 0, 0, 0, 0, 0, -0.07455386, -0.03007155, 0.9967634, -0.1495596, -0.06032535, 1.999568
tester, Session00, 2282.9315, 0, 0, 0, 0, 0, 0, 0, 0, 0, -0.07519642, -0.03007155, 0.9967152, -0.1508559, -0.06032828, 1.999568
tester, Session00, 2299.8862, 0, 0, 0, 0, 0, 0, 0, 0, 0, -0.07583892, -0.03007155, 0.9966666, -0.1521523, -0.06033122, 1.999568
tester, Session00, 2315.8433, 0, 0, 0, 0, 0, 0, 0, 0, 0, -0.07648139, -0.03007155, 0.9966174, -0.1534488, -0.06033419, 1.999568
tester, Session00, 2330.8035, 0, 0, 0, 0, 0, 0, 0, 0, 0, -0.07648139, -0.03007155, 0.9966174, -0.1534488, -0.06033419, 1.999568
tester, Session00, 2347.7583, 0, 0, 0, 0, 0, 0, 0, 0, 0, -0.07712383, -0.03007155, 0.9965679, -0.1547454, -0.06033719, 1.999568
tester, Session00, 2361.7215, 0, 0, 0, 0, 0, 0, 0, 0, 0, -0.07712383, -0.03007155, 0.9965679, -0.1547454, -0.06033719, 1.999568
tester, Session00, 2377.6783, 0, 0, 0, 0, 0, 0, 0, 0, 0, -0.07776623, -0.03007155, 0.996518, -0.1560422, -0.0603402, 1.999568
tester, Session00, 2393.6354, 0, 0, 0, 0, 0, 0, 0, 0, 0, -0.0777647, -0.03071588, 0.9964985, -0.1560422, -0.06163431, 1.999568
tester, Session00, 2408.5959, 0, 0, 0, 0, 0, 0, 0, 0, 0, -0.07840708, -0.03071589, 0.9964482, -0.1573391, -0.06163743, 1.999568
tester, Session00, 2424.5528, 0, 0, 0, 0, 0, 0, 0, 0, 0, -0.0790494, -0.03071588, 0.9963974, -0.1586362, -0.06164056, 1.999568
tester, Session00, 2438.5188, 0, 0, 0, 0, 0, 0, 0, 0, 0, -0.0790494, -0.03071588, 0.9963974, -0.1586362, -0.06164056, 1.999568
tester, Session00, 2454.4727, 0, 0, 0, 0, 0, 0, 0, 0, 0, -0.07969169, -0.03071588, 0.9963462, -0.1599333, -0.06164373, 1.999568
tester, Session00, 2470.4305, 0, 0, 0, 0, 0, 0, 0, 0, 0, -0.07969169, -0.03071588, 0.9963462, -0.1599333, -0.06164373, 1.999568
tester, Session00, 2484.3932, 0, 0, 0, 0, 0, 0, 0, 0, 0, -0.07969169, -0.03071588, 0.9963462, -0.1599333, -0.06164373, 1.999568
tester, Session00, 2500.3501, 0, 0, 0, 0, 0, 0, 0, 0, 0, -0.08033396, -0.03071589, 0.9962946, -0.1612306, -0.06164693, 1.999568
tester, Session00, 2515.3104, 0, 0, 0, 0, 0, 0, 0, 0, 0, -0.08033396, -0.0307159, 0.9962946, -0.1612306, -0.06164696, 1.999568
tester, Session00, 2531.7721, 0, 0, 0, 0, 0, 0, 0, 0, 0, -0.08288686, -0.0307159, 0.9960855, -0.1663892, -0.0616599, 1.999568
tester, Session00, 2545.7362, 0, 0, 0, 0, 0, 0, 0, 0, 0, -0.08288686, -0.0307159, 0.9960855, -0.1663892, -0.0616599, 1.999568
tester, Session00, 2561.6934, 0, 0, 0, 0, 0, 0, 0, 0, 0, -0.08352895, -0.0307159, 0.9960319, -0.1676872, -0.06166322, 1.999568
tester, Session00, 2576.6521, 0, 0, 0, 0, 0, 0, 0, 0, 0, -0.08417101, -0.03071591, 0.9959778, -0.1689854, -0.06166658, 1.999568
tester, Session00, 2591.6125, 0, 0, 0, 0, 0, 0, 0, 0, 0, -0.08417101, -0.03071591, 0.9959778, -0.1689854, -0.06166658, 1.999568
tester, Session00, 2608.5667, 0, 0, 0, 0, 0, 0, 0, 0, 0, -0.08672308, -0.0307159, 0.9957588, -0.1741473, -0.06168013, 1.999568
tester, Session00, 2625.029, 0, 0, 0, 0, 0, 0, 0, 0, 0, -0.08736497, -0.03071591, 0.9957027, -0.1754461, -0.06168362, 1.999568
tester, Session00, 2639.9883, 0, 0, 0, 0, 0, 0, 0, 0, 0, -0.08800507, -0.03136023, 0.9956263, -0.1767452, -0.06298239, 1.999568
tester, Session00, 2656.9427, 0, 0, 0, 0, 0, 0, 0, 0, 0, -0.09055625, -0.03136024, 0.9953974, -0.1819106, -0.06299687, 1.999568
tester, Session00, 2672.8999, 0, 0, 0, 0, 0, 0, 0, 0, 0, -0.09310682, -0.03136024, 0.9951621, -0.1870785, -0.06301177, 1.999568
tester, Session00, 2688.8572, 0, 0, 0, 0, 0, 0, 0, 0, 0, -0.09565679, -0.03136023, 0.9949203, -0.1922488, -0.06302708, 1.999568
tester, Session00, 2704.8151, 0, 0, 0, 0, 0, 0, 0, 0, 0, -0.09820615, -0.03136024, 0.9946718, -0.1974218, -0.06304283, 1.999568
tester, Session00, 2721.7694, 0, 0, 0, 0, 0, 0, 0, 0, 0, -0.103881, -0.03136024, 0.9940952, -0.2089509, -0.0630794, 1.999568
tester, Session00, 2737.7266, 0, 0, 0, 0, 0, 0, 0, 0, 0, -0.1064282, -0.03136024, 0.9938257, -0.2141325, -0.0630965, 1.999568
tester, Session00, 2753.6841, 0, 0, 0, 0, 0, 0, 0, 0, 0, -0.1089747, -0.03136025, 0.9935497, -0.219317, -0.06311405, 1.999568
tester, Session00, 2769.6414, 0, 0, 0, 0, 0, 0, 0, 0, 0, -0.114643, -0.03136024, 0.9929116, -0.2308729, -0.0631546, 1.999568
tester, Session00, 2785.599, 0, 0, 0, 0, 0, 0, 0, 0, 0, -0.1171871, -0.03136024, 0.9926146, -0.236067, -0.0631735, 1.999568
tester, Session00, 2801.5567, 0, 0, 0, 0, 0, 0, 0, 0, 0, -0.1271071, -0.03136024, 0.9913932, -0.2563657, -0.06325133, 1.999568
tester, Session00, 2817.5134, 0, 0, 0, 0, 0, 0, 0, 0, 0, -0.1327627, -0.03136024, 0.9906516, -0.2679732, -0.06329867, 1.999568
tester, Session00, 2832.4732, 0, 0, 0, 0, 0, 0, 0, 0, 0, -0.1384141, -0.03136023, 0.9898778, -0.2795985, -0.06334814, 1.999568
tester, Session00, 2849.4281, 0, 0, 0, 0, 0, 0, 0, 0, 0, -0.1440609, -0.03136022, 0.9890717, -0.2912423, -0.06339975, 1.999568
tester, Session00, 2865.3856, 0, 0, 0, 0, 0, 0, 0, 0, 0, -0.1465951, -0.03136023, 0.9886993, -0.2964772, -0.06342363, 1.999568
tester, Session00, 2880.3458, 0, 0, 0, 0, 0, 0, 0, 0, 0, -0.1472324, -0.03136022, 0.9886047, -0.2977948, -0.06342969, 1.999568
tester, Session00, 2896.3028, 0, 0, 0, 0, 0, 0, 0, 0, 0, -0.1478697, -0.03136021, 0.9885095, -0.2991124, -0.06343576, 1.999568
tester, Session00, 2912.2606, 0, 0, 0, 0, 0, 0, 0, 0, 0, -0.1504024, -0.03136021, 0.9881274, -0.3043534, -0.06346031, 1.999568
tester, Session00, 2928.2178, 0, 0, 0, 0, 0, 0, 0, 0, 0, -0.1510394, -0.0313602, 0.9880301, -0.3056723, -0.06346653, 1.999568
tester, Session00, 2944.1748, 0, 0, 0, 0, 0, 0, 0, 0, 0, -0.1510394, -0.03136018, 0.9880303, -0.3056723, -0.0634665, 1.999568
tester, Session00, 2959.135, 0, 0, 0, 0, 0, 0, 0, 0, 0, -0.1516763, -0.03136018, 0.9879326, -0.3069917, -0.06347276, 1.999568
tester, Session00, 2975.0923, 0, 0, 0, 0, 0, 0, 0, 0, 0, -0.1523131, -0.03136017, 0.9878346, -0.3083111, -0.06347904, 1.999568
tester, Session00, 2991.0497, 0, 0, 0, 0, 0, 0, 0, 0, 0, -0.1529499, -0.03136017, 0.9877362, -0.3096309, -0.06348535, 1.999568
tester, Session00, 3007.007, 0, 0, 0, 0, 0, 0, 0, 0, 0, -0.1535866, -0.03136017, 0.9876374, -0.310951, -0.06349172, 1.999568
tester, Session00, 3020.9703, 0, 0, 0, 0, 0, 0, 0, 0, 0, -0.1535866, -0.03136017, 0.9876374, -0.310951, -0.06349172, 1.999568
tester, Session00, 3036.9267, 0, 0, 0, 0, 0, 0, 0, 0, 0, -0.1542232, -0.03136017, 0.9875382, -0.3122713, -0.06349809, 1.999568
tester, Session00, 3050.8904, 0, 0, 0, 0, 0, 0, 0, 0, 0, -0.1542232, -0.03136016, 0.9875382, -0.3122713, -0.06349806, 1.999568
tester, Session00, 3065.8498, 0, 0, 0, 0, 0, 0, 0, 0, 0, -0.1542232, -0.03136015, 0.9875382, -0.3122713, -0.06349804, 1.999568
tester, Session00, 3080.8094, 0, 0, 0, 0, 0, 0, 0, 0, 0, -0.1548598, -0.03136014, 0.9874386, -0.3135918, -0.06350444, 1.999568
tester, Session00, 3095.7702, 0, 0, 0, 0, 0, 0, 0, 0, 0, -0.1548598, -0.03136014, 0.9874386, -0.3135918, -0.06350444, 1.999568
tester, Session00, 3109.7328, 0, 0, 0, 0, 0, 0, 0, 0, 0, -0.1548598, -0.03136014, 0.9874386, -0.3135918, -0.06350444, 1.999568
tester, Session00, 3123.6949, 0, 0, 0, 0, 0, 0, 0, 0, 0, -0.1548598, -0.03136014, 0.9874386, -0.3135918, -0.06350444, 1.999568
tester, Session00, 3140.6504, 0, 0, 0, 0, 0, 0, 0, 0, 0, -0.1548598, -0.03136014, 0.9874386, -0.3135918, -0.06350444, 1.999568
tester, Session00, 3154.6143, 0, 0, 0, 0, 0, 0, 0, 0, 0, -0.1548598, -0.03136014, 0.9874386, -0.3135918, -0.06350444, 1.999568
tester, Session00, 3168.5749, 0, 0, 0, 0, 0, 0, 0, 0, 0, -0.1548598, -0.03136014, 0.9874386, -0.3135918, -0.06350444, 1.999568
tester, Session00, 3183.535, 0, 0, 0, 0, 0, 0, 0, 0, 0, -0.1548598, -0.03136014, 0.9874386, -0.3135918, -0.06350444, 1.999568
tester, Session00, 3197.4988, 0, 0, 0, 0, 0, 0, 0, 0, 0, -0.1548598, -0.03136014, 0.9874386, -0.3135918, -0.06350444, 1.999568
tester, Session00, 3213.4546, 0, 0, 0, 0, 0, 0, 0, 0, 0, -0.1548598, -0.03136014, 0.9874386, -0.3135918, -0.06350444, 1.999568
tester, Session00, 3230.4102, 0, 0, 0, 0, 0, 0, 0, 0, 0, -0.1548598, -0.03136014, 0.9874386, -0.3135918, -0.06350444, 1.999568
tester, Session00, 3244.3724, 0, 0, 0, 0, 0, 0, 0, 0, 0, -0.1548598, -0.03136014, 0.9874386, -0.3135918, -0.06350444, 1.999568
tester, Session00, 3262.3247, 0, 0, 0, 0, 0, 0, 0, 0, 0, -0.1548598, -0.03136014, 0.9874386, -0.3135918, -0.06350444, 1.999568
tester, Session00, 3278.2819, 0, 0, 0, 0, 0, 0, 0, 0, 0, -0.1548598, -0.03136014, 0.9874386, -0.3135918, -0.06350444, 1.999568
tester, Session00, 3293.2419, 0, 0, 0, 0, 0, 0, 0, 0, 0, -0.1548598, -0.03136014, 0.9874386, -0.3135918, -0.06350444, 1.999568
tester, Session00, 3307.2051, 0, 0, 0, 0, 0, 0, 0, 0, 0, -0.1548598, -0.03136014, 0.9874386, -0.3135918, -0.06350444, 1.999568
tester, Session00, 3322.1646, 0, 0, 0, 0, 0, 0, 0, 0, 0, -0.1548598, -0.03136014, 0.9874386, -0.3135918, -0.06350444, 1.999568
tester, Session00, 3339.1189, 0, 0, 0, 0, 0, 0, 0, 0, 0, -0.1548598, -0.03136014, 0.9874386, -0.3135918, -0.06350444, 1.999568
tester, Session00, 3353.082, 0, 0, 0, 0, 0, 0, 0, 0, 0, -0.1548598, -0.03136014, 0.9874386, -0.3135918, -0.06350444, 1.999568
tester, Session00, 3368.0424, 0, 0, 0, 0, 0, 0, 0, 0, 0, -0.1548598, -0.03136014, 0.9874386, -0.3135918, -0.06350444, 1.999568
tester, Session00, 3382.0044, 0, 0, 0, 0, 0, 0, 0, 0, 0, -0.1548598, -0.03136014, 0.9874386, -0.3135918, -0.06350444, 1.999568
tester, Session00, 3395.9681, 0, 0, 0, 0, 0, 0, 0, 0, 0, -0.1548598, -0.03136014, 0.9874386, -0.3135918, -0.06350444, 1.999568
tester, Session00, 3410.9276, 0, 0, 0, 0, 0, 0, 0, 0, 0, -0.1548598, -0.03136014, 0.9874386, -0.3135918, -0.06350444, 1.999568
tester, Session00, 3424.89, 0, 0, 0, 0, 0, 0, 0, 0, 0, -0.1548598, -0.03136014, 0.9874386, -0.3135918, -0.06350444, 1.999568
tester, Session00, 3438.8525, 0, 0, 0, 0, 0, 0, 0, 0, 0, -0.1548598, -0.03136014, 0.9874386, -0.3135918, -0.06350444, 1.999568
tester, Session00, 3453.8123, 0, 0, 0, 0, 0, 0, 0, 0, 0, -0.1548598, -0.03136014, 0.9874386, -0.3135918, -0.06350444, 1.999568
tester, Session00, 3468.7723, 0, 0, 0, 0, 0, 0, 0, 0, 0, -0.1542232, -0.03136014, 0.9875382, -0.3122713, -0.06349804, 1.999568
tester, Session00, 3484.7295, 0, 0, 0, 0, 0, 0, 0, 0, 0, -0.148585, -0.03136014, 0.9884022, -0.3005919, -0.06344252, 1.999568
tester, Session00, 3501.6854, 0, 0, 0, 0, 0, 0, 0, 0, 0, -0.1460515, -0.03136015, 0.9887798, -0.2953539, -0.06341831, 1.999568
tester, Session00, 3516.6443, 0, 0, 0, 0, 0, 0, 0, 0, 0, -0.1435171, -0.03136014, 0.9891508, -0.2901198, -0.06339452, 1.999568
tester, Session00, 3534.1038, 0, 0, 0, 0, 0, 0, 0, 0, 0, -0.1378699, -0.03136014, 0.9899538, -0.2784778, -0.0633431, 1.999568
tester, Session00, 3549.0633, 0, 0, 0, 0, 0, 0, 0, 0, 0, -0.1322181, -0.03136015, 0.9907244, -0.2668543, -0.06329383, 1.999568
tester, Session00, 3565.0207, 0, 0, 0, 0, 0, 0, 0, 0, 0, -0.1296788, -0.03136014, 0.9910601, -0.2616406, -0.06327239, 1.999568
tester, Session00, 3579.9809, 0, 0, 0, 0, 0, 0, 0, 0, 0, -0.1271386, -0.03136015, 0.9913891, -0.2564304, -0.0632514, 1.999568
tester, Session00, 3595.9379, 0, 0, 0, 0, 0, 0, 0, 0, 0, -0.1245976, -0.03136015, 0.9917116, -0.2512235, -0.06323083, 1.999568
tester, Session00, 3611.8951, 0, 0, 0, 0, 0, 0, 0, 0, 0, -0.1239582, -0.03136015, 0.9917917, -0.2499143, -0.06322572, 1.999568
tester, Session00, 3628.8502, 0, 0, 0, 0, 0, 0, 0, 0, 0, -0.1233189, -0.03136015, 0.9918715, -0.2486053, -0.06322064, 1.999568
tester, Session00, 3642.8127, 0, 0, 0, 0, 0, 0, 0, 0, 0, -0.1233189, -0.03136015, 0.9918715, -0.2486053, -0.06322064, 1.999568
tester, Session00, 3659.7671, 0, 0, 0, 0, 0, 0, 0, 0, 0, -0.1226795, -0.03136015, 0.9919508, -0.2472965, -0.06321559, 1.999568
tester, Session00, 3675.7266, 0, 0, 0, 0, 0, 0, 0, 0, 0, -0.12204, -0.03136016, 0.9920297, -0.2459879, -0.06321058, 1.999568
tester, Session00, 3691.6819, 0, 0, 0, 0, 0, 0, 0, 0, 0, -0.1214005, -0.03136015, 0.992108, -0.2446795, -0.06320557, 1.999568
tester, Session00, 3706.6421, 0, 0, 0, 0, 0, 0, 0, 0, 0, -0.1207609, -0.03136016, 0.9921862, -0.2433713, -0.06320062, 1.999568
tester, Session00, 3724.594, 0, 0, 0, 0, 0, 0, 0, 0, 0, -0.1182178, -0.03136015, 0.9924924, -0.2381727, -0.06318109, 1.999568
tester, Session00, 3739.5543, 0, 0, 0, 0, 0, 0, 0, 0, 0, -0.117578, -0.03136016, 0.9925684, -0.2368656, -0.06317627, 1.999568
tester, Session00, 3755.5112, 0, 0, 0, 0, 0, 0, 0, 0, 0, -0.1169405, -0.03071583, 0.9926639, -0.2355586, -0.0618723, 1.999568
tester, Session00, 3771.4684, 0, 0, 0, 0, 0, 0, 0, 0, 0, -0.1143962, -0.03071583, 0.9929603, -0.2303648, -0.06185382, 1.999568
tester, Session00, 3787.4259, 0, 0, 0, 0, 0, 0, 0, 0, 0, -0.1118512, -0.03071583, 0.9932501, -0.225174, -0.06183577, 1.999568
tester, Session00, 3803.3832, 0, 0, 0, 0, 0, 0, 0, 0, 0, -0.1093055, -0.03071583, 0.9935335, -0.2199863, -0.06181813, 1.999568
tester, Session00, 3818.3433, 0, 0, 0, 0, 0, 0, 0, 0, 0, -0.106759, -0.03071583, 0.9938104, -0.2148015, -0.06180091, 1.999568
tester, Session00, 3834.3007, 0, 0, 0, 0, 0, 0, 0, 0, 0, -0.1061184, -0.03071584, 0.993879, -0.2134977, -0.06179667, 1.999568
tester, Session00, 3850.2582, 0, 0, 0, 0, 0, 0, 0, 0, 0, -0.103571, -0.03071583, 0.9941477, -0.2083165, -0.06177995, 1.999568
tester, Session00, 3866.2153, 0, 0, 0, 0, 0, 0, 0, 0, 0, -0.1029301, -0.03071583, 0.9942142, -0.2070135, -0.0617758, 1.999568
tester, Session00, 3881.1752, 0, 0, 0, 0, 0, 0, 0, 0, 0, -0.1022892, -0.03071583, 0.9942803, -0.2057108, -0.06177169, 1.999568
tester, Session00, 3897.1326, 0, 0, 0, 0, 0, 0, 0, 0, 0, -0.1016482, -0.03071583, 0.9943461, -0.2044083, -0.06176763, 1.999568
tester, Session00, 3913.0903, 0, 0, 0, 0, 0, 0, 0, 0, 0, -0.1010072, -0.03071583, 0.9944115, -0.2031059, -0.06176357, 1.999568
tester, Session00, 3930.0455, 0, 0, 0, 0, 0, 0, 0, 0, 0, -0.1003662, -0.03071583, 0.9944763, -0.2018037, -0.06175954, 1.999568
tester, Session00, 3946.0024, 0, 0, 0, 0, 0, 0, 0, 0, 0, -0.09972507, -0.03071583, 0.9945408, -0.2005016, -0.06175553, 1.999568
tester, Session00, 3964.9517, 0, 0, 0, 0, 0, 0, 0, 0, 0, -0.09908392, -0.03071583, 0.9946049, -0.1991997, -0.06175155, 1.999568
tester, Session00, 3980.9089, 0, 0, 0, 0, 0, 0, 0, 0, 0, -0.09844276, -0.03071584, 0.9946686, -0.1978981, -0.06174761, 1.999568
tester, Session00, 3994.8717, 0, 0, 0, 0, 0, 0, 0, 0, 0, -0.09844276, -0.03071584, 0.9946686, -0.1978981, -0.06174761, 1.999568
tester, Session00, 4010.8287, 0, 0, 0, 0, 0, 0, 0, 0, 0, -0.09780154, -0.03071583, 0.9947318, -0.1965965, -0.06174367, 1.999568
tester, Session00, 4029.2856, 0, 0, 0, 0, 0, 0, 0, 0, 0, -0.09716026, -0.03071584, 0.9947947, -0.1952951, -0.06173978, 1.999568
tester, Session00, 4045.2427, 0, 0, 0, 0, 0, 0, 0, 0, 0, -0.09651897, -0.03071584, 0.9948571, -0.193994, -0.06173592, 1.999568
tester, Session00, 4062.1983, 0, 0, 0, 0, 0, 0, 0, 0, 0, -0.09396916, -0.03071585, 0.9951012, -0.1888227, -0.06172078, 1.999568
tester, Session00, 4078.1548, 0, 0, 0, 0, 0, 0, 0, 0, 0, -0.09332766, -0.03071584, 0.9951615, -0.1875223, -0.06171704, 1.999568
tester, Session00, 4094.1132, 0, 0, 0, 0, 0, 0, 0, 0, 0, -0.0876469, -0.03071584, 0.9956779, -0.1760167, -0.06168502, 1.999568
tester, Session00, 4110.0694, 0, 0, 0, 0, 0, 0, 0, 0, 0, -0.08509503, -0.03071584, 0.9958993, -0.1708539, -0.06167132, 1.999568
tester, Session00, 4125.5467, 0, 0, 0, 0, 0, 0, 0, 0, 0, -0.08254258, -0.03071584, 0.9961141, -0.1656934, -0.06165801, 1.999568
tester, Session00, 4140.4964, 0, 0, 0, 0, 0, 0, 0, 0, 0, -0.08190045, -0.03071584, 0.9961671, -0.1643956, -0.06165474, 1.999568
tester, Session00, 4157.4506, 0, 0, 0, 0, 0, 0, 0, 0, 0, -0.08125663, -0.03136017, 0.9961997, -0.163098, -0.062946, 1.999568
tester, Session00, 4174.4068, 0, 0, 0, 0, 0, 0, 0, 0, 0, -0.08061443, -0.03136016, 0.9962519, -0.1618005, -0.06294269, 1.999568
tester, Session00, 4188.3686, 0, 0, 0, 0, 0, 0, 0, 0, 0, -0.08061443, -0.03136014, 0.9962519, -0.1618005, -0.06294265, 1.999568
tester, Session00, 4205.3229, 0, 0, 0, 0, 0, 0, 0, 0, 0, -0.07997219, -0.03136013, 0.9963037, -0.1605031, -0.06293935, 1.999568
tester, Session00, 4220.2829, 0, 0, 0, 0, 0, 0, 0, 0, 0, -0.07932993, -0.03136012, 0.9963549, -0.1592059, -0.0629361, 1.999568
tester, Session00, 4236.7441, 0, 0, 0, 0, 0, 0, 0, 0, 0, -0.07868601, -0.03200443, 0.9963856, -0.1579088, -0.06422717, 1.999568
tester, Session00, 4252.7035, 0, 0, 0, 0, 0, 0, 0, 0, 0, -0.07613233, -0.03200443, 0.9965839, -0.1527536, -0.06421439, 1.999568
tester, Session00, 4268.6589, 0, 0, 0, 0, 0, 0, 0, 0, 0, -0.07548831, -0.03264873, 0.9966121, -0.1514571, -0.0655053, 1.999568
tester, Session00, 4284.6161, 0, 0, 0, 0, 0, 0, 0, 0, 0, -0.07293252, -0.03329301, 0.9967811, -0.1463045, -0.06678662, 1.999568
tester, Session00, 4300.5735, 0, 0, 0, 0, 0, 0, 0, 0, 0, -0.07037786, -0.03329302, 0.9969646, -0.1411538, -0.06677433, 1.999568
tester, Session00, 4316.532, 0, 0, 0, 0, 0, 0, 0, 0, 0, -0.06468146, -0.03585416, 0.9972616, -0.1296901, -0.0718897, 1.999568
tester, Session00, 4331.9962, 0, 0, 0, 0, 0, 0, 0, 0, 0, -0.05898357, -0.03841507, 0.9975196, -0.1182349, -0.07700455, 1.999568
tester, Session00, 4347.9532, 0, 0, 0, 0, 0, 0, 0, 0, 0, -0.04366912, -0.04411708, 0.9980715, -0.08748809, -0.08838555, 1.999568
tester, Session00, 4363.9105, 0, 0, 0, 0, 0, 0, 0, 0, 0, -0.02835501, -0.04667712, 0.9985075, -0.05678251, -0.09347359, 1.999568
tester, Session00, 4379.8679, 0, 0, 0, 0, 0, 0, 0, 0, 0, -0.01303561, -0.052377, 0.9985423, -0.02610365, -0.1048843, 1.999568
tester, Session00, 4394.8279, 0, 0, 0, 0, 0, 0, 0, 0, 0, -0.003049756, -0.05302074, 0.9985887, -0.006106813, -0.1061684, 1.999568
tester, Session00, 4410.7852, 0, 0, 0, 0, 0, 0, 0, 0, 0, 0.0122603, -0.0587187, 0.9981993, 0.02455952, -0.1176238, 1.999568
tester, Session00, 4424.748, 0, 0, 0, 0, 0, 0, 0, 0, 0, 0.02223353, -0.06441478, 0.9976755, 0.04456104, -0.1291018, 1.999568
tester, Session00, 4441.7027, 0, 0, 0, 0, 0, 0, 0, 0, 0, 0.05072358, -0.07010873, 0.9962489, 0.1028474, -0.1421529, 2.02
tester, Session00, 4455.6653, 0, 0, 0, 0, 0, 0, 0, 0, 0, 0.06596781, -0.07580041, 0.9949385, NaN, NaN, NaN
tester, Session00, 4467.6332, 0, 0, 0, 0, 0, 0, 0, 0, 0, 0.08118115, -0.08148961, 0.9933625, 0.1650817, -0.1657089, 2.02
tester, Session00, 4476.6092, 0, 0, 0, 0, 0, 0, 0, 0, 0, 0.09106638, -0.08717614, 0.9920217, 0.1854335, -0.177512, 2.02
tester, Session00, 4486.5827, 0, 0, 0, 0, 0, 0, 0, 0, 0, 0.09670421, -0.08972877, 0.9912603, NaN, NaN, NaN
tester, Session00, 4490.5721, 0, 0, 0, 0, 0, 0, 0, 0, 0, 0.09733753, -0.0903708, 0.99114, NaN, NaN, NaN
tester, Session00, 4498.5511, 0, 0, 0, 0, 0, 0, 0, 0, 0, 0.1071865, -0.09605284, 0.9895883, NaN, NaN, NaN
tester, Session00, 4503.5374, 0, 0, 0, 0, 0, 0, 0, 0, 0, 0.1077974, -0.09860336, 0.989271, NaN, NaN, NaN
tester, Session00, 4507.5266, 0, 0, 0, 0, 0, 0, 0, 0, 0, 0.1103251, -0.09924483, 0.9889281, NaN, NaN, NaN
tester, Session00, 4514.5079, 0, 0, 0, 0, 0, 0, 0, 0, 0, 0.1128298, -0.1017945, 0.9883863, NaN, NaN, NaN
tester, Session00, 4519.4946, 0, 0, 0, 0, 0, 0, 0, 0, 0, 0.1153317, -0.1043435, 0.9878315, 0.2365311, -0.2139957, 2.02592
tester, Session00, 4525.4788, 0, 0, 0, 0, 0, 0, 0, 0, 0, 0.1178308, -0.1068919, 0.9872639, 0.2417952, -0.219348, 2.02592
tester, Session00, 4529.468, 0, 0, 0, 0, 0, 0, 0, 0, 0, 0.1184342, -0.1094395, 0.9869125, 0.2382914, -0.220194, 1.985683
tester, Session00, 4533.4574, 0, 0, 0, 0, 0, 0, 0, 0, 0, 0.1209543, -0.1100803, 0.9865355, 0.2419453, -0.220194, 1.973371
tester, Session00, 4538.4441, 0, 0, 0, 0, 0, 0, 0, 0, 0, 0.1215815, -0.1107209, 0.9863868, 0.2425054, -0.220843, 1.967438
tester, Session00, 4542.4352, 0, 0, 0, 0, 0, 0, 0, 0, 0, 0.1221821, -0.1132675, 0.9860233, 0.2437931, -0.2260056, 1.967438
tester, Session00, 4546.4225, 0, 0, 0, 0, 0, 0, 0, 0, 0, 0.1228086, -0.113908, 0.9858717, 0.2450809, -0.2273185, 1.967438
tester, Session00, 4550.4121, 0, 0, 0, 0, 0, 0, 0, 0, 0, 0.1253254, -0.1145484, 0.9854807, 0.2502027, -0.2286873, 1.967438
tester, Session00, 4554.4014, 0, 0, 0, 0, 0, 0, 0, 0, 0, 0.1259606, -0.1145484, 0.9853997, 0.2514916, -0.2287061, 1.967438
tester, Session00, 4563.3772, 0, 0, 0, 0, 0, 0, 0, 0, 0, 0.1283988, -0.1202159, 0.9844095, 0.2566176, -0.2402631, 1.967438
tester, Session00, 4567.3666, 0, 0, 0, 0, 0, 0, 0, 0, 0, 0.1309109, -0.1208558, 0.9840001, 0.261747, -0.2416426, 1.967438
tester, Session00, 4571.356, 0, 0, 0, 0, 0, 0, 0, 0, 0, 0.1309109, -0.1208558, 0.9840001, 0.261747, -0.2416426, 1.967438
tester, Session00, 4578.3372, 0, 0, 0, 0, 0, 0, 0, 0, 0, 0.1333901, -0.1233993, 0.9833512, 0.26688, -0.2468909, 1.967438
tester, Session00, 4589.3081, 0, 0, 0, 0, 0, 0, 0, 0, 0, 0.134024, -0.1233993, 0.9832651, 0.2681718, -0.2469126, 1.967438
tester, Session00, 4593.2973, 0, 0, 0, 0, 0, 0, 0, 0, 0, 0.134647, -0.124039, 0.9830995, 0.2694636, -0.2482343, 1.967438
tester, Session00, 4599.2818, 0, 0, 0, 0, 0, 0, 0, 0, 0, 0.134647, -0.124039, 0.9830995, 0.2694636, -0.2482343, 1.967438
tester, Session00, 4605.2652, 0, 0, 0, 0, 0, 0, 0, 0, 0, 0.134647, -0.124039, 0.9830995, 0.2694636, -0.2482343, 1.967438
tester, Session00, 4611.2492, 0, 0, 0, 0, 0, 0, 0, 0, 0, 0.134647, -0.124039, 0.9830995, 0.2694636, -0.2482343, 1.967438
tester, Session00, 4617.233, 0, 0, 0, 0, 0, 0, 0, 0, 0, 0.134647, -0.124039, 0.9830995, 0.2694636, -0.2482343, 1.967438
tester, Session00, 4623.217, 0, 0, 0, 0, 0, 0, 0, 0, 0, 0.134647, -0.124039, 0.9830995, 0.2694636, -0.2482343, 1.967438
tester, Session00, 4630.1987, 0, 0, 0, 0, 0, 0, 0, 0, 0, 0.134647, -0.124039, 0.9830995, 0.2694636, -0.2482343, 1.967438
tester, Session00, 4637.1799, 0, 0, 0, 0, 0, 0, 0, 0, 0, 0.134647, -0.124039, 0.9830995, 0.2694636, -0.2482343, 1.967438
tester, Session00, 4643.1638, 0, 0, 0, 0, 0, 0, 0, 0, 0, 0.134647, -0.124039, 0.9830995, 0.2694636, -0.2482343, 1.967438
tester, Session00, 4650.1453, 0, 0, 0, 0, 0, 0, 0, 0, 0, 0.134647, -0.124039, 0.9830995, 0.2694636, -0.2482343, 1.967438
tester, Session00, 4656.129, 0, 0, 0, 0, 0, 0, 0, 0, 0, 0.134647, -0.124039, 0.9830995, 0.2694636, -0.2482343, 1.967438
tester, Session00, 4662.1132, 0, 0, 0, 0, 0, 0, 0, 0, 0, 0.134647, -0.124039, 0.9830995, 0.2694636, -0.2482343, 1.967438
tester, Session00, 4668.0971, 0, 0, 0, 0, 0, 0, 0, 0, 0, 0.134647, -0.124039, 0.9830995, 0.2694636, -0.2482343, 1.967438
tester, Session00, 4674.0814, 0, 0, 0, 0, 0, 0, 0, 0, 0, 0.134647, -0.124039, 0.9830995, 0.2694636, -0.2482343, 1.967438
tester, Session00, 4680.065, 0, 0, 0, 0, 0, 0, 0, 0, 0, 0.134647, -0.124039, 0.9830995, 0.2694636, -0.2482343, 1.967438
tester, Session00, 4686.0493, 0, 0, 0, 0, 0, 0, 0, 0, 0, 0.134647, -0.124039, 0.9830995, 0.2694636, -0.2482343, 1.967438
tester, Session00, 4693.0306, 0, 0, 0, 0, 0, 0, 0, 0, 0, 0.134647, -0.124039, 0.9830995, 0.2694636, -0.2482343, 1.967438
tester, Session00, 4700.0118, 0, 0, 0, 0, 0, 0, 0, 0, 0, 0.134647, -0.124039, 0.9830995, 0.2694636, -0.2482343, 1.967438
tester, Session00, 4705.9959, 0, 0, 0, 0, 0, 0, 0, 0, 0, 0.134647, -0.124039, 0.9830995, 0.2694636, -0.2482343, 1.967438
tester, Session00, 4712.9782, 0, 0, 0, 0, 0, 0, 0, 0, 0, 0.134647, -0.124039, 0.9830995, 0.2694636, -0.2482343, 1.967438
tester, Session00, 4718.9613, 0, 0, 0, 0, 0, 0, 0, 0, 0, 0.134647, -0.124039, 0.9830995, 0.2694636, -0.2482343, 1.967438
tester, Session00, 4724.9452, 0, 0, 0, 0, 0, 0, 0, 0, 0, 0.134647, -0.124039, 0.9830995, 0.2694636, -0.2482343, 1.967438
tester, Session00, 4730.9291, 0, 0, 0, 0, 0, 0, 0, 0, 0, 0.134647, -0.124039, 0.9830995, 0.2694636, -0.2482343, 1.967438
tester, Session00, 4736.9133, 0, 0, 0, 0, 0, 0, 0, 0, 0, 0.134647, -0.124039, 0.9830995, 0.2694636, -0.2482343, 1.967438
tester, Session00, 4742.8971, 0, 0, 0, 0, 0, 0, 0, 0, 0, 0.134647, -0.124039, 0.9830995, 0.2694636, -0.2482343, 1.967438
tester, Session00, 4748.8818, 0, 0, 0, 0, 0, 0, 0, 0, 0, 0.134647, -0.124039, 0.9830995, 0.2694636, -0.2482343, 1.967438
tester, Session00, 4752.8707, 0, 0, 0, 0, 0, 0, 0, 0, 0, 0.1340132, -0.124039, 0.9831861, 0.2681717, -0.2482124, 1.967438
tester, Session00, 4758.8547, 0, 0, 0, 0, 0, 0, 0, 0, 0, 0.1340132, -0.124039, 0.9831861, 0.2681717, -0.2482124, 1.967438
tester, Session00, 4764.8384, 0, 0, 0, 0, 0, 0, 0, 0, 0, 0.1340132, -0.124039, 0.9831861, 0.2681717, -0.2482124, 1.967438
tester, Session00, 4769.8253, 0, 0, 0, 0, 0, 0, 0, 0, 0, 0.1333794, -0.124039, 0.9832723, 0.26688, -0.2481907, 1.967438
tester, Session00, 4776.8065, 0, 0, 0, 0, 0, 0, 0, 0, 0, 0.1327455, -0.124039, 0.983358, 0.2655884, -0.248169, 1.967438
tester, Session00, 4783.7879, 0, 0, 0, 0, 0, 0, 0, 0, 0, 0.1327455, -0.124039, 0.983358, 0.2655884, -0.248169, 1.967438
tester, Session00, 4787.7775, 0, 0, 0, 0, 0, 0, 0, 0, 0, 0.1321116, -0.124039, 0.9834434, 0.2642972, -0.2481475, 1.967438
tester, Session00, 4794.7584, 0, 0, 0, 0, 0, 0, 0, 0, 0, 0.1314776, -0.124039, 0.9835283, 0.2630061, -0.2481261, 1.967438
tester, Session00, 4802.7381, 0, 0, 0, 0, 0, 0, 0, 0, 0, 0.1308436, -0.124039, 0.9836129, 0.2617154, -0.2481048, 1.967438
tester, Session00, 4806.7267, 0, 0, 0, 0, 0, 0, 0, 0, 0, 0.1308436, -0.124039, 0.9836129, 0.2617154, -0.2481048, 1.967438
tester, Session00, 4813.708, 0, 0, 0, 0, 0, 0, 0, 0, 0, 0.1308436, -0.124039, 0.9836129, 0.2617154, -0.2481048, 1.967438
tester, Session00, 4819.692, 0, 0, 0, 0, 0, 0, 0, 0, 0, 0.1302095, -0.124039, 0.9836971, 0.2604247, -0.2480835, 1.967438
tester, Session00, 4825.6758, 0, 0, 0, 0, 0, 0, 0, 0, 0, 0.1302095, -0.124039, 0.9836971, 0.2604247, -0.2480835, 1.967438
tester, Session00, 4833.6546, 0, 0, 0, 0, 0, 0, 0, 0, 0, 0.1295753, -0.124039, 0.9837807, 0.2591343, -0.2480624, 1.967438
tester, Session00, 4839.6387, 0, 0, 0, 0, 0, 0, 0, 0, 0, 0.1295857, -0.1233993, 0.9838598, 0.2591343, -0.2467633, 1.967438
tester, Session00, 4845.6226, 0, 0, 0, 0, 0, 0, 0, 0, 0, 0.1295857, -0.1233993, 0.9838598, 0.2591343, -0.2467633, 1.967438
tester, Session00, 4852.604, 0, 0, 0, 0, 0, 0, 0, 0, 0, 0.1289515, -0.1233993, 0.9839432, 0.2578442, -0.2467424, 1.967438
tester, Session00, 4858.5878, 0, 0, 0, 0, 0, 0, 0, 0, 0, 0.1289515, -0.1233993, 0.9839432, 0.2578442, -0.2467424, 1.967438
tester, Session00, 4862.5773, 0, 0, 0, 0, 0, 0, 0, 0, 0, 0.1283172, -0.1233993, 0.9840261, 0.2565542, -0.2467216, 1.967438
tester, Session00, 4869.5587, 0, 0, 0, 0, 0, 0, 0, 0, 0, 0.1283172, -0.1233993, 0.9840261, 0.2565542, -0.2467216, 1.967438
tester, Session00, 4875.5424, 0, 0, 0, 0, 0, 0, 0, 0, 0, 0.1283172, -0.1233993, 0.9840261, 0.2565542, -0.2467216, 1.967438
tester, Session00, 4881.5265, 0, 0, 0, 0, 0, 0, 0, 0, 0, 0.1283172, -0.1233993, 0.9840261, 0.2565542, -0.2467216, 1.967438
tester, Session00, 4888.5078, 0, 0, 0, 0, 0, 0, 0, 0, 0, 0.1283172, -0.1233993, 0.9840261, 0.2565542, -0.2467216, 1.967438
tester, Session00, 4894.4918, 0, 0, 0, 0, 0, 0, 0, 0, 0, 0.1283172, -0.1233993, 0.9840261, 0.2565542, -0.2467216, 1.967438
tester, Session00, 4901.4735, 0, 0, 0, 0, 0, 0, 0, 0, 0, 0.1276828, -0.1233993, 0.9841086, 0.2552645, -0.2467009, 1.967438
tester, Session00, 4907.4571, 0, 0, 0, 0, 0, 0, 0, 0, 0, 0.1276828, -0.1233993, 0.9841086, 0.2552645, -0.2467009, 1.967438
tester, Session00, 4915.4366, 0, 0, 0, 0, 0, 0, 0, 0, 0, 0.1276828, -0.1233993, 0.9841086, 0.2552645, -0.2467009, 1.967438
tester, Session00, 4921.4199, 0, 0, 0, 0, 0, 0, 0, 0, 0, 0.1276828, -0.1233993, 0.9841086, 0.2552645, -0.2467009, 1.967438
tester, Session00, 4925.4094, 0, 0, 0, 0, 0, 0, 0, 0, 0, 0.1270483, -0.1233993, 0.9841908, 0.2539749, -0.2466803, 1.967438
tester, Session00, 4931.3933, 0, 0, 0, 0, 0, 0, 0, 0, 0, 0.1270483, -0.1233993, 0.9841908, 0.2539749, -0.2466803, 1.967438
tester, Session00, 4937.3771, 0, 0, 0, 0, 0, 0, 0, 0, 0, 0.1270483, -0.1233993, 0.9841908, 0.2539749, -0.2466803, 1.967438
tester, Session00, 4943.3611, 0, 0, 0, 0, 0, 0, 0, 0, 0, 0.1270483, -0.1233993, 0.9841908, 0.2539749, -0.2466803, 1.967438
tester, Session00, 4950.3426, 0, 0, 0, 0, 0, 0, 0, 0, 0, 0.1264139, -0.1233993, 0.9842724, 0.2526857, -0.2466599, 1.967438
tester, Session00, 4956.3266, 0, 0, 0, 0, 0, 0, 0, 0, 0, 0.1264139, -0.1233993, 0.9842724, 0.2526857, -0.2466599, 1.967438
tester, Session00, 4963.308, 0, 0, 0, 0, 0, 0, 0, 0, 0, 0.1264139, -0.1233993, 0.9842724, 0.2526857, -0.2466599, 1.967438
tester, Session00, 4970.2894, 0, 0, 0, 0, 0, 0, 0, 0, 0, 0.1257794, -0.1233993, 0.9843537, 0.2513966, -0.2466395, 1.967438
tester, Session00, 4976.2732, 0, 0, 0, 0, 0, 0, 0, 0, 0, 0.1257794, -0.1233993, 0.9843537, 0.2513966, -0.2466395, 1.967438
tester, Session00, 4982.2578, 0, 0, 0, 0, 0, 0, 0, 0, 0, 0.1257794, -0.1233993, 0.9843537, 0.2513966, -0.2466395, 1.967438
tester, Session00, 4988.2414, 0, 0, 0, 0, 0, 0, 0, 0, 0, 0.1257794, -0.1233993, 0.9843537, 0.2513966, -0.2466395, 1.967438
tester, Session00, 4994.2252, 0, 0, 0, 0, 0, 0, 0, 0, 0, 0.1257794, -0.1233993, 0.9843537, 0.2513966, -0.2466395, 1.967438
tester, Session00, 5000.2094, 0, 0, 0, 0, 0, 0, 0, 0, 0, 0.1257794, -0.1233993, 0.9843537, 0.2513966, -0.2466395, 1.967438
tester, Session00, 5006.1931, 0, 0, 0, 0, 0, 0, 0, 0, 0, 0.1257794, -0.1233993, 0.9843537, 0.2513966, -0.2466395, 1.967438
tester, Session00, 5012.1773, 0, 0, 0, 0, 0, 0, 0, 0, 0, 0.1257794, -0.1233993, 0.9843537, 0.2513966, -0.2466395, 1.967438
tester, Session00, 5018.1613, 0, 0, 0, 0, 0, 0, 0, 0, 0, 0.1257794, -0.1233993, 0.9843537, 0.2513966, -0.2466395, 1.967438
tester, Session00, 5025.1427, 0, 0, 0, 0, 0, 0, 0, 0, 0, 0.1257794, -0.1233993, 0.9843537, 0.2513966, -0.2466395, 1.967438
tester, Session00, 5030.1298, 0, 0, 0, 0, 0, 0, 0, 0, 0, 0.1257794, -0.1233993, 0.9843537, 0.2513966, -0.2466395, 1.967438
tester, Session00, 5034.1193, 0, 0, 0, 0, 0, 0, 0, 0, 0, 0.1257794, -0.1233993, 0.9843537, 0.2513966, -0.2466395, 1.967438
tester, Session00, 5040.1027, 0, 0, 0, 0, 0, 0, 0, 0, 0, 0.1257794, -0.1233993, 0.9843537, 0.2513966, -0.2466395, 1.967438
tester, Session00, 5046.0866, 0, 0, 0, 0, 0, 0, 0, 0, 0, 0.1257794, -0.1233993, 0.9843537, 0.2513966, -0.2466395, 1.967438
tester, Session00, 5052.0706, 0, 0, 0, 0, 0, 0, 0, 0, 0, 0.1257794, -0.1233993, 0.9843537, 0.2513966, -0.2466395, 1.967438
tester, Session00, 5058.0547, 0, 0, 0, 0, 0, 0, 0, 0, 0, 0.1257794, -0.1233993, 0.9843537, 0.2513966, -0.2466395, 1.967438
tester, Session00, 5064.0386, 0, 0, 0, 0, 0, 0, 0, 0, 0, 0.1257794, -0.1233993, 0.9843537, 0.2513966, -0.2466395, 1.967438
tester, Session00, 5071.0199, 0, 0, 0, 0, 0, 0, 0, 0, 0, 0.1257794, -0.1233993, 0.9843537, 0.2513966, -0.2466395, 1.967438
tester, Session00, 5077.0039, 0, 0, 0, 0, 0, 0, 0, 0, 0, 0.1257794, -0.1233993, 0.9843537, 0.2513966, -0.2466395, 1.967438
tester, Session00, 5082.9881, 0, 0, 0, 0, 0, 0, 0, 0, 0, 0.1257794, -0.1233993, 0.9843537, 0.2513966, -0.2466395, 1.967438
tester, Session00, 5087.9751, 0, 0, 0, 0, 0, 0, 0, 0, 0, 0.1257794, -0.1233993, 0.9843537, 0.2513966, -0.2466395, 1.967438
tester, Session00, 5093.9585, 0, 0, 0, 0, 0, 0, 0, 0, 0, 0.1257794, -0.1233993, 0.9843537, 0.2513966, -0.2466395, 1.967438
tester, Session00, 5099.9427, 0, 0, 0, 0, 0, 0, 0, 0, 0, 0.1257794, -0.1233993, 0.9843537, 0.2513966, -0.2466395, 1.967438
tester, Session00, 5105.9265, 0, 0, 0, 0, 0, 0, 0, 0, 0, 0.1257794, -0.1233993, 0.9843537, 0.2513966, -0.2466395, 1.967438
tester, Session00, 5111.9107, 0, 0, 0, 0, 0, 0, 0, 0, 0, 0.1257794, -0.1233993, 0.9843537, 0.2513966, -0.2466395, 1.967438
tester, Session00, 5117.8945, 0, 0, 0, 0, 0, 0, 0, 0, 0, 0.1257794, -0.1233993, 0.9843537, 0.2513966, -0.2466395, 1.967438
tester, Session00, 5123.8786, 0, 0, 0, 0, 0, 0, 0, 0, 0, 0.1257794, -0.1233993, 0.9843537, 0.2513966, -0.2466395, 1.967438
tester, Session00, 5130.8601, 0, 0, 0, 0, 0, 0, 0, 0, 0, 0.1257794, -0.1233993, 0.9843537, 0.2513966, -0.2466395, 1.967438
tester, Session00, 5138.8385, 0, 0, 0, 0, 0, 0, 0, 0, 0, 0.1257794, -0.1233993, 0.9843537, 0.2513966, -0.2466395, 1.967438
tester, Session00, 5144.8225, 0, 0, 0, 0, 0, 0, 0, 0, 0, 0.1257794, -0.1233993, 0.9843537, 0.2513966, -0.2466395, 1.967438
tester, Session00, 5149.8094, 0, 0, 0, 0, 0, 0, 0, 0, 0, 0.1257794, -0.1233993, 0.9843537, 0.2513966, -0.2466395, 1.967438
tester, Session00, 5156.7908, 0, 0, 0, 0, 0, 0, 0, 0, 0, 0.1257693, -0.124039, 0.9842746, 0.2513966, -0.247938, 1.967438
tester, Session00, 5163.772, 0, 0, 0, 0, 0, 0, 0, 0, 0, 0.1257693, -0.124039, 0.9842746, 0.2513966, -0.247938, 1.967438
tester, Session00, 5170.7532, 0, 0, 0, 0, 0, 0, 0, 0, 0, 0.1257693, -0.124039, 0.9842746, 0.2513966, -0.247938, 1.967438
tester, Session00, 5176.7372, 0, 0, 0, 0, 0, 0, 0, 0, 0, 0.1257693, -0.124039, 0.9842746, 0.2513966, -0.247938, 1.967438
tester, Session00, 5184.716, 0, 0, 0, 0, 0, 0, 0, 0, 0, 0.1257591, -0.1246786, 0.9841951, 0.2513966, -0.2492367, 1.967438
tester, Session00, 5190.6999, 0, 0, 0, 0, 0, 0, 0, 0, 0, 0.1257591, -0.1246786, 0.9841951, 0.2513966, -0.2492367, 1.967438
tester, Session00, 5196.6841, 0, 0, 0, 0, 0, 0, 0, 0, 0, 0.1257591, -0.1246786, 0.9841951, 0.2513966, -0.2492367, 1.967438
tester, Session00, 5202.668, 0, 0, 0, 0, 0, 0, 0, 0, 0, 0.1257591, -0.1246786, 0.9841951, 0.2513966, -0.2492367, 1.967438
tester, Session00, 5206.6574, 0, 0, 0, 0, 0, 0, 0, 0, 0, 0.1257489, -0.1253182, 0.9841151, 0.2513966, -0.2505355, 1.967438
tester, Session00, 5212.6412, 0, 0, 0, 0, 0, 0, 0, 0, 0, 0.1257489, -0.1253182, 0.9841151, 0.2513966, -0.2505355, 1.967438
tester, Session00, 5218.6254, 0, 0, 0, 0, 0, 0, 0, 0, 0, 0.1257489, -0.1253182, 0.9841151, 0.2513966, -0.2505355, 1.967438
tester, Session00, 5227.6015, 0, 0, 0, 0, 0, 0, 0, 0, 0, 0.1257387, -0.1259577, 0.9840347, 0.2513966, -0.2518346, 1.967438
tester, Session00, 5233.5854, 0, 0, 0, 0, 0, 0, 0, 0, 0, 0.1257387, -0.1259577, 0.9840347, 0.2513966, -0.2518346, 1.967438
tester, Session00, 5239.5694, 0, 0, 0, 0, 0, 0, 0, 0, 0, 0.1257387, -0.1259577, 0.9840347, 0.2513966, -0.2518346, 1.967438
tester, Session00, 5245.5534, 0, 0, 0, 0, 0, 0, 0, 0, 0, 0.1257387, -0.1259577, 0.9840347, 0.2513966, -0.2518346, 1.967438
tester, Session00, 5251.5374, 0, 0, 0, 0, 0, 0, 0, 0, 0, 0.1257387, -0.1259577, 0.9840347, 0.2513966, -0.2518346, 1.967438
tester, Session00, 5257.5214, 0, 0, 0, 0, 0, 0, 0, 0, 0, 0.1257387, -0.1259577, 0.9840347, 0.2513966, -0.2518346, 1.967438
tester, Session00, 5265.5001, 0, 0, 0, 0, 0, 0, 0, 0, 0, 0.1257283, -0.1265973, 0.9839541, 0.2513966, -0.2531341, 1.967438
tester, Session00, 5271.4841, 0, 0, 0, 0, 0, 0, 0, 0, 0, 0.1257283, -0.1265973, 0.9839541, 0.2513966, -0.2531342, 1.967438
tester, Session00, 5276.4711, 0, 0, 0, 0, 0, 0, 0, 0, 0, 0.1257283, -0.1265973, 0.9839541, 0.2513966, -0.2531342, 1.967438
tester, Session00, 5283.4521, 0, 0, 0, 0, 0, 0, 0, 0, 0, 0.1257283, -0.1265973, 0.9839541, 0.2513966, -0.2531342, 1.967438
tester, Session00, 5290.4336, 0, 0, 0, 0, 0, 0, 0, 0, 0, 0.1257283, -0.1265973, 0.9839541, 0.2513966, -0.2531342, 1.967438
tester, Session00, 5296.4172, 0, 0, 0, 0, 0, 0, 0, 0, 0, 0.1257283, -0.1265973, 0.9839541, 0.2513966, -0.2531342, 1.967438
tester, Session00, 5301.4043, 0, 0, 0, 0, 0, 0, 0, 0, 0, 0.1257283, -0.1265973, 0.9839541, 0.2513966, -0.2531342, 1.967438
tester, Session00, 5307.388, 0, 0, 0, 0, 0, 0, 0, 0, 0, 0.1257283, -0.1265973, 0.9839541, 0.2513966, -0.2531342, 1.967438
tester, Session00, 5313.3719, 0, 0, 0, 0, 0, 0, 0, 0, 0, 0.1257283, -0.1265973, 0.9839541, 0.2513966, -0.2531342, 1.967438
tester, Session00, 5319.3561, 0, 0, 0, 0, 0, 0, 0, 0, 0, 0.1257283, -0.1265973, 0.9839541, 0.2513966, -0.2531342, 1.967438
tester, Session00, 5325.3402, 0, 0, 0, 0, 0, 0, 0, 0, 0, 0.1257283, -0.1265973, 0.9839541, 0.2513966, -0.2531342, 1.967438
tester, Session00, 5330.3269, 0, 0, 0, 0, 0, 0, 0, 0, 0, 0.1257283, -0.1265973, 0.9839541, 0.2513966, -0.2531342, 1.967438
tester, Session00, 5335.314, 0, 0, 0, 0, 0, 0, 0, 0, 0, 0.1257283, -0.1265973, 0.9839541, 0.2513966, -0.2531342, 1.967438
tester, Session00, 5340.3001, 0, 0, 0, 0, 0, 0, 0, 0, 0, 0.1257283, -0.1265973, 0.9839541, 0.2513966, -0.2531342, 1.967438
tester, Session00, 5346.2839, 0, 0, 0, 0, 0, 0, 0, 0, 0, 0.1257283, -0.1265973, 0.9839541, 0.2513966, -0.2531342, 1.967438
tester, Session00, 5354.2631, 0, 0, 0, 0, 0, 0, 0, 0, 0, 0.1257283, -0.1265973, 0.9839541, 0.2513966, -0.2531342, 1.967438
tester, Session00, 5357.2549, 0, 0, 0, 0, 0, 0, 0, 0, 0, 0.1257283, -0.1265973, 0.9839541, 0.2513966, -0.2531342, 1.967438
tester, Session00, 5363.2387, 0, 0, 0, 0, 0, 0, 0, 0, 0, 0.1257283, -0.1265973, 0.9839541, 0.2513966, -0.2531342, 1.967438
tester, Session00, 5370.2199, 0, 0, 0, 0, 0, 0, 0, 0, 0, 0.1257283, -0.1265973, 0.9839541, 0.2513966, -0.2531342, 1.967438
tester, Session00, 5376.2039, 0, 0, 0, 0, 0, 0, 0, 0, 0, 0.1257283, -0.1265973, 0.9839541, 0.2513966, -0.2531342, 1.967438
tester, Session00, 5382.1882, 0, 0, 0, 0, 0, 0, 0, 0, 0, 0.1257283, -0.1265973, 0.9839541, 0.2513966, -0.2531342, 1.967438
tester, Session00, 5389.1693, 0, 0, 0, 0, 0, 0, 0, 0, 0, 0.1257283, -0.1265973, 0.9839541, 0.2513966, -0.2531342, 1.967438
tester, Session00, 5395.1533, 0, 0, 0, 0, 0, 0, 0, 0, 0, 0.1257283, -0.1265973, 0.9839541, 0.2513966, -0.2531342, 1.967438
tester, Session00, 5402.1351, 0, 0, 0, 0, 0, 0, 0, 0, 0, 0.1257283, -0.1265973, 0.9839541, 0.2513966, -0.2531342, 1.967438
tester, Session00, 5406.1245, 0, 0, 0, 0, 0, 0, 0, 0, 0, 0.1257283, -0.1265973, 0.9839541, 0.2513966, -0.2531342, 1.967438
tester, Session00, 5412.1079, 0, 0, 0, 0, 0, 0, 0, 0, 0, 0.1257283, -0.1265973, 0.9839541, 0.2513966, -0.2531342, 1.967438
tester, Session00, 5418.0919, 0, 0, 0, 0, 0, 0, 0, 0, 0, 0.1257283, -0.1265973, 0.9839541, 0.2513966, -0.2531342, 1.967438
tester, Session00, 5424.0759, 0, 0, 0, 0, 0, 0, 0, 0, 0, 0.1257283, -0.1265973, 0.9839541, 0.2513966, -0.2531342, 1.967438
tester, Session00, 5431.0574, 0, 0, 0, 0, 0, 0, 0, 0, 0, 0.1257283, -0.1265973, 0.9839541, 0.2513966, -0.2531342, 1.967438
tester, Session00, 5437.0415, 0, 0, 0, 0, 0, 0, 0, 0, 0, 0.1257283, -0.1265973, 0.9839541, 0.2513966, -0.2531342, 1.967438
tester, Session00, 5443.0255, 0, 0, 0, 0, 0, 0, 0, 0, 0, 0.1257283, -0.1265973, 0.9839541, 0.2513966, -0.2531342, 1.967438
tester, Session00, 5450.0077, 0, 0, 0, 0, 0, 0, 0, 0, 0, 0.1257283, -0.1265973, 0.9839541, 0.2513966, -0.2531342, 1.967438
tester, Session00, 5468.9569, 0, 0, 0, 0, 0, 0, 0, 0, 0, 0.1257283, -0.1265973, 0.9839541, 0.2513966, -0.2531342, 1.967438
tester, Session00, 5474.9402, 0, 0, 0, 0, 0, 0, 0, 0, 0, 0.1257283, -0.1265973, 0.9839541, 0.2513966, -0.2531342, 1.967438
tester, Session00, 5481.9217, 0, 0, 0, 0, 0, 0, 0, 0, 0, 0.1257283, -0.1265973, 0.9839541, 0.2513966, -0.2531342, 1.967438
tester, Session00, 5487.9053, 0, 0, 0, 0, 0, 0, 0, 0, 0, 0.1257283, -0.1265973, 0.9839541, 0.2513966, -0.2531342, 1.967438
tester, Session00, 5493.8893, 0, 0, 0, 0, 0, 0, 0, 0, 0, 0.1257283, -0.1265973, 0.9839541, 0.2513966, -0.2531342, 1.967438
tester, Session00, 5499.8735, 0, 0, 0, 0, 0, 0, 0, 0, 0, 0.1257283, -0.1265973, 0.9839541, 0.2513966, -0.2531342, 1.967438
tester, Session00, 5506.8547, 0, 0, 0, 0, 0, 0, 0, 0, 0, 0.1257283, -0.1265973, 0.9839541, 0.2513966, -0.2531342, 1.967438
tester, Session00, 5513.8359, 0, 0, 0, 0, 0, 0, 0, 0, 0, 0.1257283, -0.1265973, 0.9839541, 0.2513966, -0.2531342, 1.967438
tester, Session00, 5519.8201, 0, 0, 0, 0, 0, 0, 0, 0, 0, 0.1257283, -0.1265973, 0.9839541, 0.2513966, -0.2531342, 1.967438
tester, Session00, 5529.7937, 0, 0, 0, 0, 0, 0, 0, 0, 0, 0.1257283, -0.1265973, 0.9839541, 0.2513966, -0.2531342, 1.967438
tester, Session00, 5535.7774, 0, 0, 0, 0, 0, 0, 0, 0, 0, 0.1257283, -0.1265973, 0.9839541, 0.2513966, -0.2531342, 1.967438
tester, Session00, 5542.7586, 0, 0, 0, 0, 0, 0, 0, 0, 0, 0.1257283, -0.1265973, 0.9839541, 0.2513966, -0.2531342, 1.967438
tester, Session00, 5549.7402, 0, 0, 0, 0, 0, 0, 0, 0, 0, 0.1257283, -0.1265973, 0.9839541, 0.2513966, -0.2531342, 1.967438
tester, Session00, 5556.7215, 0, 0, 0, 0, 0, 0, 0, 0, 0, 0.1257283, -0.1265973, 0.9839541, 0.2513966, -0.2531342, 1.967438
tester, Session00, 5563.7026, 0, 0, 0, 0, 0, 0, 0, 0, 0, 0.1257283, -0.1265973, 0.9839541, 0.2513966, -0.2531342, 1.967438
tester, Session00, 5570.6841, 0, 0, 0, 0, 0, 0, 0, 0, 0, 0.1257283, -0.1265973, 0.9839541, 0.2513966, -0.2531342, 1.967438
tester, Session00, 5574.6737, 0, 0, 0, 0, 0, 0, 0, 0, 0, 0.1257283, -0.1265973, 0.9839541, 0.2513966, -0.2531342, 1.967438
tester, Session00, 5581.6549, 0, 0, 0, 0, 0, 0, 0, 0, 0, 0.1257283, -0.1265973, 0.9839541, 0.2513966, -0.2531342, 1.967438
tester, Session00, 5589.6336, 0, 0, 0, 0, 0, 0, 0, 0, 0, 0.1257283, -0.1265973, 0.9839541, 0.2513966, -0.2531342, 1.967438
tester, Session00, 5595.6173, 0, 0, 0, 0, 0, 0, 0, 0, 0, 0.1257283, -0.1265973, 0.9839541, 0.2513966, -0.2531342, 1.967438
tester, Session00, 5601.6016, 0, 0, 0, 0, 0, 0, 0, 0, 0, 0.1257283, -0.1265973, 0.9839541, 0.2513966, -0.2531342, 1.967438
tester, Session00, 5608.5828, 0, 0, 0, 0, 0, 0, 0, 0, 0, 0.1257283, -0.1265973, 0.9839541, 0.2513966, -0.2531342, 1.967438
tester, Session00, 5614.5667, 0, 0, 0, 0, 0, 0, 0, 0, 0, 0.1257283, -0.1265973, 0.9839541, 0.2513966, -0.2531342, 1.967438
tester, Session00, 5621.5481, 0, 0, 0, 0, 0, 0, 0, 0, 0, 0.1257283, -0.1265973, 0.9839541, 0.2513966, -0.2531342, 1.967438
tester, Session00, 5628.5293, 0, 0, 0, 0, 0, 0, 0, 0, 0, 0.1257283, -0.1265973, 0.9839541, 0.2513966, -0.2531342, 1.967438
tester, Session00, 5635.511, 0, 0, 0, 0, 0, 0, 0, 0, 0, 0.1257283, -0.1265973, 0.9839541, 0.2513966, -0.2531342, 1.967438
tester, Session00, 5639.5002, 0, 0, 0, 0, 0, 0, 0, 0, 0, 0.1257283, -0.1265973, 0.9839541, 0.2513966, -0.2531342, 1.967438
tester, Session00, 5644.4875, 0, 0, 0, 0, 0, 0, 0, 0, 0, 0.1257283, -0.1265973, 0.9839541, 0.2513966, -0.2531342, 1.967438
tester, Session00, 5652.4657, 0, 0, 0, 0, 0, 0, 0, 0, 0, 0.1257283, -0.1265973, 0.9839541, 0.2513966, -0.2531342, 1.967438
tester, Session00, 5658.4493, 0, 0, 0, 0, 0, 0, 0, 0, 0, 0.1257283, -0.1265973, 0.9839541, 0.2513966, -0.2531342, 1.967438
tester, Session00, 5664.4333, 0, 0, 0, 0, 0, 0, 0, 0, 0, 0.1257283, -0.1265973, 0.9839541, 0.2513966, -0.2531342, 1.967438
tester, Session00, 5671.4148, 0, 0, 0, 0, 0, 0, 0, 0, 0, 0.1257283, -0.1265973, 0.9839541, 0.2513966, -0.2531342, 1.967438
tester, Session00, 5677.3991, 0, 0, 0, 0, 0, 0, 0, 0, 0, 0.1257283, -0.1265973, 0.9839541, 0.2513966, -0.2531342, 1.967438
tester, Session00, 5683.3836, 0, 0, 0, 0, 0, 0, 0, 0, 0, 0.1257283, -0.1265973, 0.9839541, 0.2513966, -0.2531342, 1.967438
tester, Session00, 5689.3667, 0, 0, 0, 0, 0, 0, 0, 0, 0, 0.1257283, -0.1265973, 0.9839541, 0.2513966, -0.2531342, 1.967438
tester, Session00, 5695.3507, 0, 0, 0, 0, 0, 0, 0, 0, 0, 0.1257283, -0.1265973, 0.9839541, 0.2513966, -0.2531342, 1.967438
tester, Session00, 5701.3349, 0, 0, 0, 0, 0, 0, 0, 0, 0, 0.1257283, -0.1265973, 0.9839541, 0.2513966, -0.2531342, 1.967438
tester, Session00, 5708.316, 0, 0, 0, 0, 0, 0, 0, 0, 0, 0.1257283, -0.1265973, 0.9839541, 0.2513966, -0.2531342, 1.967438
tester, Session00, 5715.2975, 0, 0, 0, 0, 0, 0, 0, 0, 0, 0.1257283, -0.1265973, 0.9839541, 0.2513966, -0.2531342, 1.967438
tester, Session00, 5721.2816, 0, 0, 0, 0, 0, 0, 0, 0, 0, 0.1257283, -0.1265973, 0.9839541, 0.2513966, -0.2531342, 1.967438
tester, Session00, 5728.2627, 0, 0, 0, 0, 0, 0, 0, 0, 0, 0.1257283, -0.1265973, 0.9839541, 0.2513966, -0.2531342, 1.967438
tester, Session00, 5735.7583, 0, 0, 0, 0, 0, 0, 0, 0, 0, 0.1257283, -0.1265973, 0.9839541, 0.2513966, -0.2531342, 1.967438
